tenure_months,monthly_charge,support_tickets,contract,autopay,reference_id,churned
17,77.7738,2,2,0,0.7535,1
14,99.1577,1,2,0,0.733,1
57,32.4069,0,0,0,-0.7826,0
62,33.2184,5,1,0,0.2446,0
7,44.6037,0,0,1,2.5943,1
54,65.653,0,2,1,-0.6708,0
46,73.047,0,1,1,-1.0242,1
56,108.0621,2,2,0,0.7472,0
38,81.2215,0,2,1,1.7219,0
71,76.2434,0,1,0,0.7818,0
2,90.1416,0,2,1,0.7059,1
41,73.553,1,2,0,0.4631,1
15,68.8076,4,0,0,0.205,1
4,104.2953,1,0,1,-0.3671,1
66,52.0235,0,1,1,-1.5917,0
63,51.4241,0,1,0,1.3518,0
71,30.7416,1,1,1,-0.0541,0
29,81.624,1,2,1,-0.5343,0
4,74.7143,3,1,1,-0.9819,1
28,59.1238,0,0,0,1.0808,1
62,74.2471,1,1,1,0.6068,0
8,74.0967,1,2,1,-0.0469,0
17,95.8102,3,1,0,-0.3181,1
57,65.2651,0,1,1,-0.0311,0
10,70.9055,0,0,0,1.4227,1
30,90.1204,1,1,1,-0.9446,1
58,59.668,3,0,0,0.688,0
67,100.0781,1,2,0,-0.1939,0
31,96.0222,0,2,1,-0.2852,0
2,53.9573,0,1,0,0.0132,0
1,39.7823,0,0,1,-1.1799,1
31,91.1496,2,1,0,-0.3492,1
50,71.4773,1,1,0,0.3021,0
48,85.1161,3,1,1,-0.5301,1
30,54.3188,1,2,1,0.1141,0
39,16.216,0,2,0,0.2865,0
64,86.9888,1,1,0,-1.279,0
67,73.9855,0,0,1,0.0005,1
43,56.9034,2,1,1,1.1747,0
32,114.3799,2,1,0,0.7419,1
8,59.764,0,0,0,0.3685,1
54,60.2133,1,2,0,-0.0927,0
40,60.3851,2,1,0,0.8321,1
18,57.2937,1,1,0,0.3829,1
66,64.0106,0,2,0,0.241,0
25,93.3033,2,0,0,0.7788,1
7,63.2816,2,2,1,-0.0434,0
62,83.082,0,0,1,-0.3007,0
61,72.2502,0,0,1,0.1594,1
8,101.7255,0,1,1,-0.0124,1
19,44.5176,2,0,0,0.1595,1
8,46.5971,1,1,1,0.4133,1
8,56.7938,0,0,1,-1.392,1
16,57.6184,0,0,0,-0.1694,1
22,64.1452,0,2,0,-1.1719,1
62,47.9051,0,1,1,1.1773,0
0,55.0605,2,1,1,1.88,1
24,19.1202,2,2,0,0.235,0
23,141.7512,1,1,0,0.278,0
50,89.2574,0,0,0,1.1712,0
25,75.1677,2,2,1,-1.8288,0
68,93.796,0,1,1,0.2771,0
0,73.3238,0,0,0,0.5503,1
62,71.7535,0,2,1,-0.5499,0
11,80.8984,1,2,1,0.8851,0
46,91.6159,1,2,0,0.0821,1
56,99.3977,1,0,1,-0.0503,1
45,54.6438,1,0,1,1.0037,0
15,82.5066,1,0,0,0.0724,1
13,45.5316,1,0,1,-1.1136,1
24,121.2468,0,0,1,0.0265,1
37,15,0,1,1,-0.7343,0
24,77.7125,1,1,1,-0.0822,1
41,67.5857,2,0,1,-0.4452,1
30,104.006,1,0,1,0.3946,0
53,84.7726,1,2,1,-0.9143,0
15,32.1893,0,2,0,-0.1039,0
57,101.7068,0,1,0,-0.4578,1
58,127.0404,3,2,0,-0.3631,1
45,112.1121,1,2,0,-0.2051,1
51,70.1736,0,2,0,-1.4416,1
28,106.4835,1,0,1,-1.0294,1
5,55.1526,2,1,1,0.817,1
63,21.1912,1,0,0,-2.1732,0
22,22.5163,3,1,1,0.4871,1
7,63.3457,2,1,1,-0.4511,1
6,58.4847,1,2,1,-0.3855,1
55,47.8959,2,2,1,0.3774,0
67,69.0972,1,1,1,0.4948,0
55,62.2188,2,0,1,0.5121,0
62,80.4708,2,2,1,-0.282,0
24,49.9404,2,0,0,0.5073,1
53,77.0262,1,0,0,-0.1621,1
50,44.642,2,0,1,-1.7494,0
71,37.0048,2,2,1,-0.7047,0
20,53.372,0,2,0,-0.051,1
40,72.2632,1,2,1,0.2836,0
53,60.2176,0,2,1,-0.5029,0
58,51.6986,1,1,1,-0.0586,0
8,94.9761,1,1,1,0.294,1
66,89.144,3,2,1,0.6805,0
16,74.9574,2,2,1,-0.0097,0
8,58.7552,0,1,0,-0.3596,0
67,51.3204,2,2,0,1.0621,0
55,46.3036,1,2,1,0.6625,0
44,99.6949,1,0,1,-0.7077,0
44,57.3047,1,2,0,0.6662,0
53,63.6931,1,1,0,-1.9156,1
65,75.1064,3,2,0,0.3011,1
1,83.9774,2,1,0,-1.0819,1
37,85.8006,0,2,0,-1.6495,0
24,25.1877,1,0,1,2.0477,1
53,93.7647,2,1,1,0.6133,0
18,16.3204,3,2,0,0.5424,1
39,95.1466,1,1,0,-0.4672,1
48,72.215,1,2,0,0.6271,0
4,59.697,1,2,0,-1.1529,0
37,90.7997,2,1,1,-0.0272,0
48,72.4289,3,2,1,0.0864,0
65,106.9113,1,0,1,0.7783,0
57,91.5815,0,0,0,1.1099,1
43,57.9621,0,1,0,0.3446,1
40,40.986,0,1,0,-0.4135,0
60,62.6909,1,0,0,1.8087,0
7,66.3759,0,0,1,0.8978,1
56,85.3881,0,2,1,0.2191,0
65,59.8294,0,1,1,-0.6281,0
38,88.3813,1,2,0,0.6214,0
67,83.401,0,2,0,-0.9503,0
10,79.3099,0,2,1,0.2441,0
10,103.1053,2,1,0,-0.9641,1
71,82.6768,2,0,0,-1.5299,0
35,33.775,1,2,1,-0.6278,1
68,60.5591,1,0,0,0.671,1
51,56.2087,0,2,1,-2.3839,0
54,88.2612,3,2,1,0.1852,0
19,77.5717,2,2,1,2.6526,1
55,131.9117,1,2,0,1.1169,1
53,100.2869,2,2,1,1.0939,0
19,57.0514,0,0,1,-0.2697,1
24,61.9218,1,0,1,0.3004,1
53,98.3408,2,2,0,-0.2551,0
57,26.2532,1,2,0,-1.6393,0
52,78.9078,1,0,0,0.6781,0
64,93.5031,0,0,1,0.0952,0
61,90.9169,3,1,0,0.5295,0
32,45.1357,3,0,1,0.2734,1
3,49.0843,1,1,0,-0.0781,1
32,73.8679,0,1,1,0.6849,1
58,112.5831,0,1,0,-0.0234,0
64,44.5216,2,1,0,0.4545,0
21,57.3297,3,2,0,0.564,1
1,56.6943,1,2,1,0.3263,0
26,57.7987,1,1,0,-0.0649,1
45,70.9322,0,1,1,0.1764,0
46,36.9285,0,1,1,2.3591,0
22,68.19,1,2,0,-0.0474,0
40,80.3187,3,2,0,-0.2918,1
4,46.8667,0,1,0,-0.1853,1
18,45.7668,0,2,1,0.7585,1
18,44.7612,0,1,0,1.441,0
60,96.3141,0,2,1,-0.9527,0
39,52.7217,2,0,0,0.4064,1
3,94.0993,1,2,1,0.207,1
18,65.1749,0,0,0,-0.124,1
14,68.2331,1,1,0,-0.2686,1
40,85.1635,1,2,0,-0.2052,0
68,75.411,0,0,1,-0.302,1
51,94.2249,0,2,1,-0.0848,0
32,69.2929,3,0,0,-0.3147,1
8,88.6612,0,1,0,0.0745,1
12,47.9966,0,1,0,0.161,0
29,60.6972,0,2,1,-0.4346,0
67,108.9964,2,1,0,0.2154,0
18,61.4084,1,0,0,0.154,1
21,58.6271,2,2,0,-0.7609,0
8,43.5378,1,2,0,0.8992,1
22,24.1616,0,2,0,1.1399,0
42,46.3096,3,1,0,1.2229,0
37,103.1472,0,0,1,-1.5275,0
59,50.4264,1,1,0,-0.4506,0
26,89.3105,1,1,1,-1.1431,1
24,66.4813,3,1,0,-2.3838,1
1,76.8943,3,2,1,0.3968,0
18,57.8358,0,2,1,0.1705,0
52,73.6227,2,2,0,-1.3831,0
58,22.347,1,2,0,-1.1912,0
71,43.9728,0,2,1,0.8545,0
55,62.0912,4,1,1,1.4014,1
55,77.294,1,1,1,0.9575,0
35,48.26,1,0,1,-2.9601,0
70,62.9655,1,2,1,-2.0443,0
24,98.6842,2,2,1,-0.0318,0
11,71.139,0,1,1,-1.489,1
28,64.619,1,1,1,0.2824,1
58,114.8704,1,0,0,0.1909,0
26,89.2543,0,1,0,0.1344,1
71,65.8395,2,2,1,0.1968,0
16,74.5199,0,0,0,-1.5612,1
68,104.5663,1,2,1,1.5874,0
12,64.0518,3,1,0,1.4595,1
35,72.8244,0,2,0,-0.1192,0
14,100.033,1,2,0,-0.2725,0
52,73.5428,3,2,0,-1.094,0
7,47.7271,2,2,0,0.4307,0
44,69.0981,1,1,1,-2.3911,0
38,103.5113,0,0,0,0.2708,1
63,75.0766,1,1,0,-0.4723,0
7,26.6061,1,2,0,-0.5058,1
17,62.9937,0,1,1,0.2369,0
24,64.9899,2,0,0,-0.0813,0
55,15,1,2,0,-0.2714,0
0,68.15,1,1,0,1.1943,1
15,95.423,1,2,1,-0.435,1
53,61.0211,0,0,0,0.711,1
17,78.508,1,2,1,0.575,1
8,60.4159,0,2,1,-0.2753,0
37,67.1982,1,1,0,0.0361,0
42,58.703,0,1,0,0.9771,0
42,30.2454,3,1,1,-0.2465,0
60,102.0959,0,1,1,-0.6887,1
12,59.2824,1,1,1,1.7253,1
14,84.7489,1,2,1,0.6792,0
44,30.4465,2,0,1,-1.7745,1
4,71.8586,1,1,1,0.4641,1
57,64.5749,2,1,0,-0.8414,0
3,58.7105,1,2,0,-0.2468,1
0,107.8178,0,2,0,-0.0542,1
70,49.0426,0,1,0,1.1148,0
51,83.7508,1,2,1,1.4573,0
40,84.9632,0,1,0,0.8688,0
5,73.4698,1,0,1,0.1236,1
52,70.9334,3,0,0,1.1499,1
70,34.3194,1,2,1,-0.6191,0
28,70.2319,3,1,0,0.6449,0
51,102.9955,0,0,0,1.0719,1
55,87.1736,1,2,0,0.3203,0
3,62.6658,0,0,0,0.676,1
41,39.7434,2,1,1,0.736,0
37,58.6895,0,1,1,-0.3293,0
56,15.2589,0,2,1,-0.7792,0
49,77.9785,1,2,0,0.2089,1
50,75.1792,0,0,1,-1.9341,0
4,49.067,2,1,1,1.5495,1
64,69.8289,0,1,1,1.2952,0
56,49.7075,0,0,1,0.5956,0
26,55.0062,1,2,0,0.9865,0
17,87.8074,2,2,0,0.7171,1
40,48.0981,0,1,1,1.4049,0
30,110.5902,3,2,1,0.4764,0
6,71.0972,1,1,0,-1.2316,1
19,103.6746,2,2,1,0.4469,1
62,81.8883,0,2,0,-0.2578,0
1,72.6871,1,0,0,-1.2136,1
19,80.6038,2,0,1,0.4223,1
8,46.2125,0,1,0,-1.3664,0
65,100.6586,3,2,1,-0.7783,0
2,58.9984,0,1,1,-0.9444,1
6,50.0516,1,1,1,0.3154,0
30,66.527,0,1,1,-0.5687,0
68,82.4945,0,1,0,-0.1362,0
26,49.1527,0,1,0,0.2318,0
66,79.6697,0,0,1,-0.5304,0
44,62.5013,0,0,0,-0.1245,1
38,38.4865,0,0,1,-0.4076,1
15,15,0,0,0,0.5259,0
15,80.053,1,1,0,0.2288,0
42,37.2679,2,2,0,-0.7033,0
59,89.2366,1,0,0,-1.3,0
27,96.4125,2,2,0,-0.3915,1
24,54.2219,2,1,1,0.1906,1
38,111.3824,0,0,1,-0.2029,0
70,74.8576,1,0,0,-1.205,1
56,58.973,0,2,1,-1.1743,0
34,113.7472,0,1,1,-1.2066,1
32,33.5949,0,1,0,0.6318,0
10,15,1,0,1,-0.1888,1
64,54.3134,1,2,1,-0.154,0
27,64.6013,2,0,0,0.7988,1
5,51.2988,2,0,1,0.1103,1
33,106.0177,1,1,1,0.4444,1
57,60.2405,3,2,0,-1.1299,1
14,39.6336,0,1,1,-0.0881,1
48,64.7336,0,1,0,1.2684,0
28,27.3188,1,0,0,0.2878,1
59,75.6055,1,0,1,-1.4136,1
55,20.3123,1,1,0,0.8225,0
10,106.8377,5,0,1,-0.4578,1
52,47.8416,1,1,0,1.4707,0
22,94.3722,1,0,0,1.6128,1
65,90.8623,1,0,1,-0.0077,1
67,74.6287,2,1,1,2.0886,0
17,104.5356,1,0,0,-0.1566,1
32,124.7146,3,1,0,-1.4679,1
44,88.5155,1,2,1,0.3504,0
51,70.494,0,0,0,1.6584,1
61,51.4557,0,0,1,0.675,0
10,71.683,1,2,0,0.1928,0
8,131.081,0,1,0,0.4786,1
60,41.7137,2,2,0,0.0015,0
59,43.7308,1,2,0,-1.0695,0
59,54.1604,1,2,0,2.5304,0
5,74.1101,0,0,0,1.4588,1
29,82.039,2,2,1,-0.4166,1
21,73.759,2,1,1,0.0266,1
16,55.7711,4,1,1,0.0549,1
37,38.0097,2,2,0,1.6892,0
65,50.8633,0,1,0,-0.6368,0
46,87.0695,1,0,1,0.0756,1
21,60.0912,0,0,1,0.4211,0
34,108.0326,2,0,0,-2.163,1
35,109.6994,0,2,0,1.3729,1
2,88.4381,1,1,0,-1.4688,1
46,79.1703,1,2,1,0.6679,0
64,105.7742,4,2,1,0.5292,0
67,86.2731,0,0,1,-0.6614,1
38,83.9557,0,2,0,-0.6228,0
3,76.2104,0,1,0,0.9833,1
24,52.1454,2,1,1,-2.0646,1
30,41.3648,0,0,0,1.694,1
44,122.0311,0,2,1,-1.3782,0
0,38.9536,1,2,1,-2.2055,0
31,74.7207,0,0,0,-0.1247,1
39,15,1,2,1,0.2804,0
46,45.9049,2,0,1,0.9615,0
71,100.0842,0,1,0,1.3053,0
26,60.7248,1,2,0,-0.5304,0
69,101.2988,0,1,1,-0.9812,0
44,54.2183,0,1,0,-1.0658,1
50,37.4466,2,2,0,-0.5287,0
42,79.5466,3,0,0,0.6649,0
69,43.5454,1,2,0,-0.3904,0
2,51.9789,1,2,0,1.7207,1
27,32.7431,1,1,0,0.6627,1
69,49.9015,0,1,1,-1.4796,0
60,61.5167,5,1,0,0.1278,0
4,82.0938,2,1,1,-1.3511,1
21,82.9454,1,2,1,2.0682,0
51,90.6593,0,0,1,-1.4945,1
1,74.4971,0,1,0,1.3847,1
40,75.6374,1,0,0,0.269,1
38,42.0796,1,2,1,0.5618,0
57,97.6902,2,0,1,0.9794,0
69,49.4483,1,1,1,0.7318,0
33,95.9839,1,2,1,-1.5198,1
67,103.8017,4,2,1,0.9437,0
24,61.1403,0,0,0,1.5216,1
61,59.0229,0,0,1,-2.3064,0
6,55.4353,1,1,1,1.4187,1
14,86.3073,0,1,1,-0.0807,1
65,44.8674,0,2,0,-0.3755,0
31,15,0,2,0,0.5591,0
4,120.7825,0,2,0,1.0972,1
1,75.1058,2,0,1,0.7258,1
59,49.7395,2,0,1,0.4835,0
27,90.1925,1,1,0,0.0612,0
26,72.1979,1,0,0,1.1743,1
55,90.8708,1,2,0,-1.9996,1
65,117.4742,1,1,0,0.6758,0
10,70.8872,3,1,0,-1.2847,1
59,70.9211,1,2,1,0.4406,0
64,90.7017,2,1,1,0.5839,1
1,58.1756,0,0,1,-0.1789,1
67,64.6503,0,1,1,-1.0074,0
38,75.9868,0,0,1,-1.7698,0
70,64.5454,2,0,1,0.7103,0
52,97.8779,2,1,0,0.0709,0
67,73.7975,3,0,0,-0.6325,1
24,80.5691,2,2,1,-1.0613,0
43,100.722,2,0,0,0.5428,1
27,46.502,0,1,0,-1.0496,1
19,105.5872,2,2,1,-0.0291,1
5,66.2546,1,2,0,0.4403,1
21,69.6119,0,1,1,0.9527,1
26,119.9982,1,1,1,0.0202,0
43,98.288,3,2,0,0.7266,1
36,15,1,0,0,-0.7448,1
34,67.5921,1,1,1,-0.6466,0
53,43.1314,1,1,0,0.8471,0
26,58.4591,1,0,1,-0.5641,1
56,72.0057,3,1,0,0.7179,1
61,64.5707,4,0,0,-0.3051,1
10,94.7623,2,1,1,-3.1792,0
68,68.982,0,2,1,0.3179,0
36,51.2169,1,1,1,0.6779,0
3,80.5143,1,0,1,1.224,0
4,70.8911,0,2,1,0.4148,0
19,51.7884,1,2,0,-0.8791,0
3,63.8763,1,0,0,-1.7135,1
52,89.2458,2,0,1,-0.3471,1
35,35.5147,0,2,1,0.5949,0
40,81.457,2,0,0,-0.1615,1
39,34.3227,1,0,1,0.7346,1
69,84.5916,0,2,1,-1.4102,0
34,112.1046,0,0,1,0.3102,1
61,55.4003,0,2,1,0.7027,0
54,75.9425,0,2,0,1.0088,0
44,51.1856,3,1,0,1.206,0
55,45.1308,1,2,0,2.4925,1
33,69.163,1,1,1,-1.2854,0
62,61.2255,5,1,1,-0.6422,0
16,34.7863,1,2,0,1.6229,0
52,78.4557,0,0,1,-0.7314,0
27,50.2504,1,1,1,0.0003,0
13,57.2687,1,0,0,1.852,1
71,70.1141,0,2,0,-0.3993,0
47,72.4622,0,2,0,-0.575,1
9,76.2167,3,0,0,-0.1566,1
16,80.7959,1,1,0,-2.6793,0
46,56.3956,3,1,0,0.4251,1
50,101.0559,0,2,1,0.5755,0
69,113.7371,2,2,1,-1.4903,0
70,33.0426,0,1,0,0.8907,0
29,41.6598,1,1,0,-0.1858,0
60,71.5937,5,0,0,0.65,1
41,104.4933,4,0,1,-1.3709,1
57,45.4217,3,0,1,0.8511,1
8,74.6233,1,1,0,0.1992,1
37,33.4914,2,1,1,0.7208,0
57,42.0281,1,0,1,0.6418,0
32,97.1952,1,1,0,1.7941,0
60,79.8068,0,1,1,-1.3528,0
3,118.8165,0,1,0,-1.4858,1
29,129.606,1,2,0,-0.5619,0
50,23.7595,1,0,1,1.3678,1
60,56.0494,2,0,0,-0.1548,1
31,78.546,2,1,1,0.5372,0
24,67.5904,1,2,1,0.6871,0
16,24.8919,0,0,0,0.0585,1
1,77.4003,2,0,1,-1.2514,1
40,67.926,2,2,1,-0.9235,1
10,55.9816,0,0,0,0.8853,1
64,94.6744,2,0,0,2.1911,1
2,37.8043,2,0,0,1.9812,1
71,109.807,0,1,0,0.3912,0
64,61.6383,2,0,0,-1.1672,1
68,15,2,2,0,0.4639,0
47,52.1461,0,2,0,-0.3855,0
39,105.4497,4,0,0,1.3342,1
44,91.8796,1,1,1,0.0915,0
47,40.9776,2,0,1,-0.1771,0
53,97.4611,3,0,1,-1.1851,1
18,77.7519,0,1,1,-1.8639,1
22,50.2516,1,0,0,-0.4945,1
33,30.9571,2,2,0,0.0189,1
27,73.9252,0,2,0,0.968,1
13,83.379,1,0,1,0.827,1
37,44.3203,0,1,1,-0.5729,0
43,49.5987,1,2,1,0.0339,0
10,94.2408,0,1,1,0.024,1
26,16.9964,0,0,0,-0.3637,1
69,95.1331,1,2,1,-0.2335,0
60,91.711,2,2,0,-0.407,1
41,115.3129,1,1,1,-0.5472,0
18,49.6439,0,1,1,0.3767,0
39,68.9577,1,2,0,1.5167,1
68,62.5074,1,0,1,0.7803,0
3,95.9536,1,1,1,0.3472,1
21,15,1,1,0,0.7848,0
54,50.61,3,1,1,0.1826,1
20,97.7847,1,2,0,0.7022,0
0,93.8226,2,1,0,-0.8332,1
66,63.3077,0,2,1,0.279,0
7,60.0004,3,0,0,1.4797,1
60,78.6559,0,2,1,-1.3862,0
10,77.7411,3,0,0,-0.0008,1
40,28.0748,0,0,0,-0.0185,0
23,85.8529,0,0,1,1.1526,1
5,72.2852,2,1,1,0.5776,1
26,58.1391,2,2,0,-0.5565,1
57,15,2,1,0,-0.2519,0
57,73.936,1,1,1,0.6356,0
59,92.2192,1,1,0,-1.0861,1
20,25.0007,2,2,1,1.9108,0
30,114.7612,1,2,1,-0.4524,0
67,80.0256,1,2,0,1.447,0
2,39.0744,3,0,0,-0.0951,1
30,137.6007,2,0,0,1.623,1
29,31.1512,3,2,0,0.4687,0
2,54.3361,2,1,0,-0.7491,1
13,86.2579,0,0,0,-1.6844,1
38,66.9054,1,1,1,-0.1522,0
51,79.4604,0,0,0,0.7967,1
55,15,2,0,0,1.8242,0
45,43.0128,0,0,1,-0.1101,0
27,64.1916,0,2,0,-1.4488,1
54,99.0971,2,1,0,1.2395,1
61,95.3641,0,1,0,-0.8653,0
59,42.6751,1,2,1,0.1089,0
64,68.8291,0,1,1,-1.365,0
54,62.5744,0,2,1,-0.0504,0
49,48.3813,0,0,0,-1.4558,0
0,57.5244,1,2,1,-0.3233,0
32,15,0,0,0,-0.132,0
57,96.2556,1,1,1,-0.4908,0
28,42.5914,3,1,1,-0.6946,1
39,83.0251,2,2,0,-0.048,1
46,77.9336,0,1,1,0.8453,0
61,62.8179,1,1,1,0.8499,0
68,41.6221,1,1,1,0.0097,0
5,86.9476,3,1,0,-0.3164,1
10,83.8506,0,1,0,-0.4867,0
65,116.4895,1,2,1,-0.3139,0
16,67.544,0,2,0,-1.2999,1
25,86.8578,3,0,1,-0.8546,1
54,95.158,3,2,1,-1.6631,0
55,44.6942,1,0,0,-0.8396,1
59,59.6322,3,0,1,1.6091,1
56,72.406,1,0,0,-0.5308,0
51,52.6387,0,2,0,0.4141,0
4,92.0155,1,0,1,0.3195,1
62,61.2026,3,2,0,-0.9759,0
56,38.5888,1,0,1,-1.094,0
17,63.6599,0,2,0,0.7784,0
52,91.7673,2,1,0,0.138,1
30,97.5211,2,1,1,-0.4613,1
59,97.0046,0,2,0,0.0715,1
42,58.7697,1,1,0,-0.957,0
31,88.6695,2,0,1,0.7027,1
45,67.9208,3,1,1,0.9079,1
23,107.0431,0,2,1,1.2501,0
51,47.3618,1,0,0,-0.6038,0
35,50.2583,1,2,0,1.0527,1
2,76.3948,1,1,0,-1.0108,1
18,43.8673,1,2,0,-0.7017,0
46,91.6205,0,1,0,-0.1352,1
14,73.6042,2,0,1,-0.7203,1
18,52.0418,2,1,0,-1.3013,0
40,71.9527,0,0,1,-0.4264,0
21,118.5089,0,2,1,-0.5802,0
19,68.2659,0,0,0,-0.2029,0
55,103.3893,1,1,1,1.0817,0
62,23.4975,0,1,1,0.2704,0
14,98.4128,2,1,0,-0.2845,1
66,78.5295,1,0,1,0.428,0
49,56.2089,0,2,1,-0.5979,0
18,56.8327,0,1,0,-1.2921,1
60,64.2609,1,2,1,1.0809,0
12,45.8788,0,0,1,-0.1175,1
50,29.666,1,1,0,1.2231,0
4,82.653,0,0,1,2.2552,1
53,69.2291,2,1,1,-0.4157,0
37,38.1788,0,1,1,-0.0341,0
54,73.9362,1,1,1,-0.8396,0
63,82.1103,1,2,1,-2.4841,1
70,82.2004,5,0,1,0.1144,1
60,39.5405,0,2,0,-0.8326,0
14,99.5811,0,2,1,0.6318,0
17,50.02,1,2,1,-1.5757,0
63,77.8309,2,2,1,1.5941,0
48,50.3709,2,2,1,0.5611,0
43,101.0075,1,2,0,-0.2136,0
6,39.6079,2,2,1,0.2987,0
14,49.348,0,1,0,0.0196,0
1,54.9201,1,1,1,-1.1507,1
22,117.4888,1,2,1,0.2442,1
49,64.9239,2,1,0,-1.3193,0
55,94.9328,3,0,0,-0.0047,1
71,45.1387,0,2,0,1.2743,0
66,124.9859,0,2,0,0.7257,0
69,15,1,2,1,-0.498,0
4,99.5202,1,2,1,-0.1473,1
21,110.253,1,1,0,0.256,1
41,56.5385,2,2,0,-1.14,1
27,71.2551,1,2,0,-0.6796,0
15,102.7565,3,1,1,0.0727,1
21,15,2,1,0,0.8042,1
36,82.5133,2,2,0,2.0815,1
68,31.9572,3,2,0,-0.5859,0
13,70.2722,0,1,0,0.3275,1
16,42.0335,0,1,0,0.2834,1
18,27.4895,0,0,0,-0.4618,1
38,21.5324,1,1,0,-0.0522,0
24,39.0961,2,2,1,-0.1062,0
5,114.7777,0,2,0,-0.2407,1
43,91.902,3,1,0,1.4614,1
38,88.0061,0,2,0,2.5596,0
10,68.9073,2,2,1,-0.631,1
1,59.8661,0,2,0,0.4909,1
70,60.9367,0,0,1,1.0147,0
29,89.0618,1,0,0,0.5518,1
43,80.012,2,2,1,-0.3313,0
70,85.0333,3,1,1,0.8366,0
52,28.4033,0,2,0,0.2487,0
46,44.3366,1,1,0,0.5067,0
37,93.2131,0,0,1,-2.2211,1
35,89.8436,1,2,0,0.0376,0
69,15,0,2,1,-1.1769,0
41,92.9466,3,1,1,1.1928,0
42,87.44,1,0,1,-0.5871,0
33,41.6546,0,0,0,0.2563,0
25,84.081,0,1,0,-0.1091,1
33,70.8207,2,0,1,-0.5384,1
8,63.2166,0,2,0,-1.3095,1
12,67.7251,0,0,0,0.7262,1
62,48.6728,1,1,0,-2.2405,0
12,59.1551,0,0,0,0.8502,1
24,55.3623,0,0,1,-0.5455,1
33,73.6304,0,1,0,0.4643,1
55,79.7669,0,2,1,1.2791,0
30,89.3149,2,0,0,-0.5921,1
60,46.3812,1,1,0,-0.5811,0
8,75.8116,1,2,1,-1.4886,0
50,61.0197,0,1,1,-0.8275,0
23,115.2194,0,1,1,0.2014,0
50,59.9504,0,1,1,0.0439,0
52,69.0896,2,0,1,-0.998,0
19,62.555,3,0,1,0.8784,1
66,103.2492,1,1,1,1.215,0
66,58.9775,2,1,0,-0.2506,0
59,65.0669,0,1,0,0.8396,0
27,38.3721,1,0,1,-0.4498,1
35,78.8706,3,0,0,-0.3354,1
67,60.4545,3,0,0,0.1587,1
51,56.2165,1,1,0,-0.906,0
1,68.4733,1,2,0,-0.2758,1
20,35.9601,1,1,1,-0.247,0
1,73.8842,1,2,0,-1.6658,1
22,33.3979,2,0,1,-0.5477,0
1,51.1266,2,1,1,-0.6795,1
71,96.5362,2,2,0,0.7695,0
64,86.1459,1,2,0,0.5902,0
42,70.8932,2,1,0,-0.3266,1
31,45.2358,0,2,1,-0.2941,0
40,29.7316,2,0,1,1.5609,0
67,65.4047,1,2,0,2.4983,0
59,94.5485,4,0,1,-1.9326,1
59,47.3165,0,1,0,0.3982,0
60,71.7535,1,2,1,-1.3325,0
31,29.5188,1,1,1,-0.3023,0
62,93.0743,0,1,0,-2.0268,1
2,43.8518,1,0,1,0.4626,1
0,104.1235,1,0,0,1.4806,1
24,116.8866,2,2,0,0.3985,1
31,60.7617,2,2,0,-0.7121,1
1,87.9551,1,2,0,-2.4256,1
18,105.3962,1,2,1,0.1105,0
70,55.7821,3,1,1,-0.5678,0
49,64.6646,0,2,0,-1.1847,0
27,29.6382,1,1,1,0.8899,1
23,118.4898,2,1,1,1.121,1
39,103.7073,1,1,0,-0.7962,1
56,71.496,0,2,1,1.6845,0
5,79.1468,1,0,0,-0.1999,1
55,91.9123,3,1,0,0.4369,0
3,86.066,0,1,1,0.7911,1
29,53.195,1,1,0,-0.0114,1
0,85.057,1,1,0,0.3931,1
17,84.8846,3,0,1,0.1308,1
39,62.0527,1,0,1,0.3019,1
10,88.9298,1,2,0,-0.6015,0
21,56.7183,3,1,1,0.9961,1
11,50.657,1,2,1,1.1304,1
56,65.4136,1,0,0,0.5449,0
22,43.1494,1,2,1,-1.0351,0
28,79.9936,2,1,1,0.3032,1
47,89.4974,0,0,1,-0.2702,1
38,55.9435,1,0,0,0.8649,1
9,107.5053,0,1,1,-1.0459,0
53,25.5429,1,2,0,-0.0704,0
26,66.53,1,2,0,0.1593,0
45,43.4197,0,2,1,0.4742,0
53,36.0789,0,2,1,-0.4906,0
55,97.0304,3,0,0,1.4883,1
59,104.6994,1,0,0,-1.28,1
38,67.0822,0,0,0,-0.6309,1
70,58.1173,0,2,1,-0.3774,0
29,98.3978,0,0,0,-0.779,1
63,73.4397,1,2,0,0.1357,1
16,83.921,0,1,0,1.4889,1
37,73.9728,4,0,1,-0.3555,1
34,67.7583,2,0,0,1.3983,1
66,77.7518,0,2,0,1.7685,0
9,46.1867,0,2,1,-2.3567,1
61,85.2329,0,0,0,0.033,0
40,102.8851,1,0,1,-0.2285,1
57,90.7725,1,2,1,-0.1322,0
6,78.7501,1,2,0,0.5327,1
24,46.7853,1,2,0,0.0598,0
44,74.1096,2,0,0,-0.9931,0
42,106.4263,2,2,1,-0.2029,0
38,124.205,2,2,0,0.7925,1
56,81.7138,2,1,1,-0.193,0
49,59.1932,0,1,1,-0.6705,0
30,55.0897,1,0,0,-0.5196,0
1,115.5467,1,1,1,-0.4655,1
40,80.9721,0,2,1,-0.6901,0
13,86.2341,1,1,1,0.0121,1
65,15,2,0,0,0.6486,0
51,15,0,0,1,1.5841,0
31,34.3251,0,0,0,-1.6514,0
14,72.848,1,1,1,-0.6849,0
21,90.0247,2,1,0,0.1394,1
14,48.7656,0,2,1,1.4519,1
39,44.2054,2,0,0,0.6255,1
65,41.5882,0,2,0,-0.0546,0
46,115.7085,2,2,1,0.3689,0
3,114.5926,1,1,0,-0.3556,1
64,61.8433,0,0,1,0.7819,0
64,58.1165,2,0,0,0.845,0
40,104.87,1,2,1,-0.7344,0
39,93.1064,1,0,0,2.0834,1
59,57.0669,0,2,0,-0.523,0
14,82.6864,1,1,1,-1.1575,1
43,73.9864,2,1,0,0.3899,0
13,61.5894,1,0,0,-1.357,0
29,94.9215,2,2,0,-1.2161,1
30,71.6835,2,2,0,0.2018,0
6,53.2189,0,1,0,-0.1586,0
17,79.5711,1,0,1,1.2845,1
36,81.2897,3,1,0,-1.1476,0
37,43.123,1,0,1,0.0479,0
26,106.3653,1,0,1,2.2205,1
62,43.3786,1,1,0,0.4599,0
1,63.702,0,1,1,0.42,0
32,50.2768,1,2,0,-0.7134,0
17,35.4166,4,2,0,-0.3953,0
5,88.9083,1,1,0,-0.1459,1
23,45.8694,1,1,0,-0.2874,0
35,79.858,0,2,0,1.8817,0
40,75.2624,1,1,0,2.4095,0
19,122.6128,3,1,0,-1.4927,1
48,47.8015,3,2,1,0.3594,0
27,88.8902,1,1,1,0.0267,1
5,62.1008,4,1,0,-1.0019,1
6,87.5753,3,1,1,-1.5453,1
3,43.0345,0,2,1,0.5207,0
60,73.8591,1,2,1,1.2688,0
15,65.4641,1,1,1,0.8852,1
31,42.6754,1,0,0,-0.1219,1
42,114.7101,1,2,1,-0.5516,0
54,51.5271,0,1,0,-0.0683,0
48,65.0955,1,2,0,-0.3866,0
68,57.4768,0,1,0,1.2151,0
54,48.6729,2,0,1,1.7573,0
63,94.7558,2,0,0,0.1946,0
40,67.1023,0,0,1,0.4694,0
66,90.8698,2,1,0,0.1011,1
65,53.0482,2,1,1,0.5629,0
28,59.0651,1,1,1,0.7732,0
22,31.0059,1,0,0,-1.008,1
37,53.0687,2,0,0,-0.8157,1
25,53.0882,0,1,1,0.324,0
44,88.5871,1,2,0,0.6113,1
8,73.3626,1,1,1,0.3413,0
39,66.2593,0,1,1,-1.2757,0
20,71.8497,0,0,0,-0.0237,1
31,39.9771,2,0,1,0.8988,1
3,81.1899,0,2,0,-1.8985,1
6,46.941,1,0,1,1.866,1
22,82.4187,1,1,1,-0.3464,1
11,41.177,0,0,1,-0.2733,1
33,80.984,0,1,0,0.2254,0
50,66.7591,1,0,0,1.1553,0
42,76.2713,2,1,1,-0.2327,1
26,78.4242,2,0,1,-0.9398,1
48,87.5776,1,2,0,-0.5208,0
21,108.3068,2,1,1,-0.3434,0
28,84.8921,0,0,1,0.6398,0
21,106.3663,0,0,0,0.3061,1
56,86.9112,2,1,1,2.6512,0
42,28.1828,0,1,1,0.4965,0
43,69.6923,0,0,1,2.0738,0
50,71.0766,4,1,1,-0.2028,1
50,87.5875,4,0,1,-2.9941,1
14,63.6449,1,1,0,1.1424,1
50,97.7824,2,1,1,-0.0089,1
45,53.8557,0,2,0,-0.88,0
30,137.9748,0,2,0,1.7334,1
34,53.066,3,0,0,-0.853,1
63,62.1595,1,1,1,1.2032,0
5,50.6081,0,0,0,-1.5854,1
44,74.5145,2,1,0,0.3061,0
40,100.1518,1,1,1,-0.6445,1
2,83.3311,1,1,0,-1.0578,1
61,42.9231,0,1,1,0.1869,0
44,74.2973,1,0,0,-0.8194,1
33,50.2001,0,2,1,0.6025,0
13,77.6983,2,2,1,-1.6522,1
29,114.3868,0,2,1,-1.2737,1
31,46.7978,0,1,0,-0.6338,0
61,108.5799,1,2,0,-0.1102,0
63,116.0663,1,2,0,-0.4932,0
24,81.716,3,1,0,1.2108,1
17,22.8737,2,2,0,0.1224,1
59,88.5936,0,2,0,0.5827,0
64,68.7994,1,0,0,0.8206,0
39,108.6084,1,2,1,2.1766,0
26,72.8703,1,2,0,-0.3482,0
19,95.1147,1,0,0,1.4998,1
32,30.7842,1,1,1,0.64,0
49,52.1562,0,2,0,-2.431,0
37,91.1671,2,0,0,0.2963,1
39,60.0859,0,0,0,0.9874,1
40,70.9388,0,2,0,-0.1828,0
1,34.1918,4,2,0,-0.8176,1
21,49.7207,1,1,1,0.6973,0
28,72.3992,4,0,0,0.8494,1
12,39.5778,1,2,0,1.9308,0
18,102.668,0,0,1,0.0399,1
6,39.1662,2,1,0,0.5194,1
55,27.6767,2,1,0,0.2062,1
4,69.1291,2,0,1,-1.7002,1
56,53.9774,1,0,0,0.8668,1
67,21.0538,0,1,1,-0.3349,0
47,120.58,1,0,1,0.9184,1
29,73.9577,3,1,0,-1.6736,0
48,55.6164,1,1,1,-1.9428,0
23,59.7514,0,1,0,0.5292,0
47,88.6791,3,1,0,0.1877,1
43,55.5299,0,0,1,0.2094,0
17,95.9079,0,2,1,-1.898,0
56,39.6257,0,0,0,0.7422,0
24,105.5969,0,0,1,-1.5932,1
65,113.7887,0,2,1,-1.3088,0
27,54.0017,1,2,0,1.6913,1
13,79.0785,2,2,0,-1.0522,0
2,68.8046,2,1,0,-0.2919,1
13,41.5945,2,0,1,3.3624,1
6,63.2498,1,2,0,-1.3611,1
56,46.6508,2,2,1,0.4748,0
0,68.6228,0,2,0,-0.2808,1
62,43.1389,1,0,1,-0.2862,0
20,79.6895,1,1,1,-0.2504,1
34,76.7203,0,1,1,0.6476,1
19,82.4969,1,2,0,0.8647,0
46,67.8564,4,2,0,-0.0055,0
56,68.1638,0,1,0,-0.2525,0
39,105.2887,1,0,0,0.5447,1
69,52.4664,2,2,1,-1.4575,0
54,35.8468,2,0,0,-0.1608,0
63,86.0324,0,0,1,0.4123,0
38,66.81,1,2,0,-0.3551,0
51,61.7303,1,2,1,0.3773,0
28,30.7865,1,1,0,0.3756,0
48,74.7474,0,2,0,2.1615,0
19,69.0867,1,2,1,0.4001,1
65,52.5312,1,2,1,-0.2401,0
36,51.5604,1,1,1,-0.3489,0
43,86.4404,1,1,0,-0.4182,0
7,99.286,1,0,0,0.8194,1
70,34.9501,0,2,1,1.7958,0
4,30.7311,1,0,0,2.9547,1
15,90.6231,0,2,1,-0.8236,0
50,115.9147,1,2,0,-0.4853,0
14,25.2575,0,2,0,-0.3646,0
5,73.6649,0,2,1,-0.86,0
60,72.9537,1,0,1,0.9725,0
15,59.7936,2,0,1,0.1385,1
47,47.731,0,1,0,-0.104,0
18,78.5683,1,2,0,0.4395,0
51,71.9364,1,0,0,0.7649,1
59,86.6267,0,0,0,-1.6982,1
47,94.225,2,2,1,-0.0649,0
32,38.0657,4,2,0,-0.127,0
60,91.0057,0,1,0,-0.4512,0
15,19.3809,1,1,1,0.569,0
42,15.1792,0,1,1,-0.9879,0
43,115.9566,0,0,0,0.4605,1
16,60.1618,1,1,1,-0.1788,1
25,57.5628,1,0,1,-0.0545,0
54,77.9179,0,2,1,-0.1862,0
39,55.2953,0,0,0,-0.499,1
28,95.6911,0,0,0,0.8819,1
37,71.0495,0,1,0,-0.1733,0
37,30.2585,0,2,1,0.8721,0
50,48.6677,2,1,0,0.7309,0
18,92.7712,0,0,0,-0.8557,1
8,38.61,0,1,0,-0.7118,0
9,64.2432,0,0,0,1.9159,1
60,26.6275,0,2,1,0.0607,0
71,35.7094,1,2,1,-0.9175,0
65,85.616,2,1,1,0.7504,0
52,70.4379,1,2,1,0.2905,0
9,44.6116,2,1,0,1.1277,1
42,100.0993,0,2,1,0.2953,0
37,77.6613,1,2,1,0.2084,0
10,66.8484,4,0,0,0.6221,1
47,39.0255,1,2,1,0.5455,0
1,73.1074,2,2,1,-1.0563,0
16,39.3699,2,1,1,-2.1049,1
35,108.0807,0,1,1,0.2129,0
44,77.1987,0,1,1,0.1414,0
8,53.7692,0,2,1,-0.499,0
17,80.8629,0,0,1,-0.385,1
13,84.9476,2,1,1,-1.0261,1
20,77.0284,3,1,1,-0.7851,1
15,40.9833,1,1,1,0.0301,1
47,82.9181,1,0,0,0.23,0
2,54.6276,0,0,0,0.9051,1
16,60.9048,0,2,1,0.9445,0
43,93.6115,1,2,1,1.893,1
34,15,0,2,1,0.6546,0
19,42.7256,0,0,1,-0.0616,0
61,86.2239,2,2,0,0.8358,1
18,74.4858,0,2,0,0.0401,0
50,60.325,2,0,0,-0.9452,0
57,41.3168,0,1,0,0.4962,0
67,33.9197,0,0,1,-2.5401,1
63,105.4433,4,1,0,-0.2462,1
31,87.9677,1,1,1,1.198,1
12,82.9672,3,0,0,-0.4461,1
24,61.2511,0,1,1,-0.3787,1
48,72.1534,2,1,1,-0.0602,0
62,76.2283,0,0,0,-0.2897,0
22,92.9067,2,0,1,-0.7519,1
46,85.1751,2,1,0,0.5139,1
50,38.9679,1,0,0,-1.0532,0
22,55.0501,2,1,0,0.3385,1
30,70.7663,2,1,0,1.5568,1
36,71.9494,1,0,0,1.2462,1
1,78.9435,0,2,1,0.153,1
14,31.4301,5,2,0,-0.4453,1
33,97.4093,1,2,1,2.1276,0
34,47.851,0,1,1,-0.0645,0
44,66.8929,0,1,1,-1.2661,0
9,101.0313,1,1,0,1.259,1
19,64.0016,0,1,0,-0.7703,1
31,47.1706,1,0,0,-1.8892,1
7,37.5903,2,2,1,1.1008,0
29,65.7433,1,0,0,-0.0455,1
45,42.4266,1,1,0,0.03,0
12,104.6149,3,1,1,-0.7011,1
11,38.0833,3,1,0,-0.8016,1
71,53.3836,1,0,1,0.1948,0
49,97.7534,0,0,1,0.2568,0
9,82.0922,0,2,0,-1.4541,0
58,97.6408,3,2,0,1.3691,1
8,92.5303,2,1,1,0.8473,1
8,72.076,1,1,1,-0.2891,1
6,88.3438,1,1,1,-0.503,1
14,90.9963,0,2,1,-2.2863,1
62,28.842,2,0,1,-2.5821,0
47,59.1698,1,0,0,-0.2322,1
58,98.9245,2,0,1,0.9995,1
3,85.5187,0,1,0,1.1303,1
68,82.073,1,1,0,-0.604,0
15,63.7501,1,1,0,-0.7114,1
7,47.4651,2,1,1,0.4734,1
40,73.2243,1,2,0,-0.4832,0
15,58.3612,1,2,1,0.938,0
29,65.8022,1,1,1,-0.6646,0
27,65.3636,1,0,0,-1.0541,1
69,90.9275,1,1,1,0.9765,0
71,47.1278,0,1,1,0.0877,0
62,95.3853,0,2,0,0.8252,0
69,43.9341,1,2,0,-0.6748,1
50,86.4349,1,0,1,-2.3495,1
17,90.3234,3,0,0,0.9102,1
16,63.7295,0,1,1,0.1636,0
4,78.5116,2,1,1,-0.1898,1
52,61.6902,1,0,1,0.0943,0
24,56.9894,2,1,1,0.2998,1
65,63.1713,1,1,1,1.0257,0
29,115.725,0,2,0,-0.6759,1
28,53.8643,0,1,1,-0.0548,0
50,83.6573,0,1,1,1.4075,0
50,75.8307,1,2,1,0.2784,0
57,64.5112,3,1,0,1.3275,1
69,62.036,0,2,1,-0.5952,0
62,53.5073,0,0,1,-0.7552,0
27,99.2044,0,1,1,0.7126,1
12,64.9559,0,0,1,-0.6514,1
43,74.0474,3,0,0,-0.5018,1
26,38.7321,1,1,1,0.4303,0
29,65.7868,1,2,0,-2.594,0
41,79.8595,1,0,0,-2.1538,1
35,67.6696,0,2,0,1.1238,0
13,81.5755,0,1,0,0.1758,1
17,92.661,2,2,0,0.3565,1
33,50.7529,1,0,0,0.6859,0
13,61.28,1,1,1,0.4883,1
43,125.7124,2,0,0,-0.6786,1
33,50.7406,1,1,0,-1.5625,1
27,52.5714,0,2,0,-0.9856,0
30,50.1199,0,2,1,-0.8631,0
60,54.968,2,1,1,0.3357,0
52,107.4403,2,0,1,1.2156,1
56,75.9348,2,0,0,-0.1067,1
59,89.3364,0,1,0,-0.0584,0
16,33.4298,2,0,1,-0.0915,0
25,37.926,2,1,0,-1.2672,1
17,123.2722,1,0,0,-0.8965,1
61,31.5125,0,2,1,0.961,0
31,65.8872,4,2,0,0.2264,1
42,124.9958,1,2,1,-0.0984,0
11,70.9621,2,1,1,0.7164,1
59,83.2105,2,0,1,-1.3376,1
6,91.2303,0,2,0,-0.9048,1
64,34.6613,0,1,1,-1.5026,1
70,74.59,2,1,0,0.4754,1
28,100.0369,1,2,0,0.718,0
9,100.0004,0,0,1,0.371,1
9,75.2102,0,1,1,0.5618,0
57,56.5609,0,2,1,-0.5027,0
13,17.3353,2,0,1,-1.2296,1
0,91.5484,1,1,0,-0.9315,1
17,64.4057,1,0,1,1.1773,1
61,73.1362,0,0,0,0.5773,0
71,57.0095,1,2,1,0.9089,0
51,82.0261,3,1,0,0.6237,0
51,71.0468,0,1,0,0.6329,0
6,64.4191,2,2,1,-0.2182,1
30,38.4138,2,2,1,0.1822,0
43,42.0404,0,2,1,-0.4294,0
43,33.2283,1,0,1,-1.9963,0
68,87.045,0,0,1,-0.2211,0
63,44.2115,1,0,0,-0.2931,0
26,25.7999,1,1,0,-0.3044,0
16,73.2624,0,2,0,-1.1484,0
21,58.87,2,2,1,1.1873,0
62,72.0787,0,2,0,-1.101,0
51,73.5792,0,2,0,-1.16,0
51,133.0272,1,2,1,-1.2576,0
1,54.4008,1,2,0,1.7275,1
56,79.4205,0,0,0,0.9365,0
50,131.2662,3,1,1,-0.3912,1
22,76.2464,1,1,0,0.9557,1
62,54.7798,3,2,1,-0.8239,0
63,61.7653,0,2,0,-0.2686,0
46,92.8627,1,1,1,-1.7692,0
32,79.3891,1,1,1,0.0848,0
14,125.5319,1,2,0,0.145,0
67,69.2977,0,2,0,-0.9522,0
8,15,1,2,0,1.4092,0
52,73.3504,1,0,1,0.6987,1
29,37.3751,3,1,1,1.4341,0
25,91.7748,0,1,1,-0.8654,1
25,107.9069,0,1,1,-0.8815,0
11,46.6406,2,0,1,0.0532,1
46,84.4103,0,1,1,-1.3701,0
16,50.5176,1,0,0,0.1799,1
48,91.0909,1,1,0,1.1383,0
68,118.9502,0,0,1,0.5956,0
9,41.6424,1,2,1,-0.1765,0
13,85.1079,0,2,1,0.6479,0
34,28.236,0,0,0,-0.0836,1
44,87.4852,0,2,1,0.0847,0
27,54.245,2,0,0,2.1351,1
23,45.4626,0,1,1,-0.2407,0
57,94.8052,0,1,0,0.4933,0
68,79.2818,1,2,0,-1.5375,0
0,42.5311,0,1,0,-0.8865,1
70,44.1228,0,2,0,-0.4443,0
52,107.0873,2,0,1,1.3443,1
25,151.3159,0,1,1,0.6343,0
71,27.5186,0,0,0,-0.0707,0
38,46.3459,1,2,1,1.0063,1
37,43.457,1,0,1,-0.6752,1
65,57.4984,0,0,0,0.6774,0
70,76.6618,1,2,1,2.1833,0
30,127.7614,2,0,1,-0.3334,1
32,76.5708,0,0,0,-1.9384,1
18,49.4247,0,0,1,-0.1229,1
27,84.2713,2,1,0,-0.8957,0
36,82.9813,0,0,1,-0.1827,1
14,56.4532,0,1,0,0.3771,0
34,81.2899,0,1,1,0.4808,1
69,54.5513,1,0,1,-0.1491,0
12,55.3711,1,0,0,1.6423,1
0,84.4168,1,1,1,1.0759,1
35,40.0644,1,0,0,-1.1404,0
66,76.7161,0,2,1,-0.5194,0
66,80.4435,2,2,0,0.8427,0
7,94.6182,2,2,0,2.706,1
29,45.8773,0,0,1,1.0587,1
16,66.6022,2,0,0,0.5536,1
67,46.9457,2,2,0,0.8128,0
6,86.5865,0,2,0,1.5111,1
37,56.3195,1,1,1,-1.8149,0
33,69.9012,1,2,0,-2.2201,1
35,74.8929,1,2,1,-0.109,0
70,61.3086,1,1,0,-0.2267,0
63,45.4938,2,1,1,1.8419,0
4,40.4388,0,1,0,0.3862,1
60,86.8057,2,2,1,1.1935,0
26,68.2304,2,1,1,1.6903,1
35,77.0711,0,2,1,-0.03,0
47,15,3,1,1,-0.901,0
62,28.6685,1,2,0,0.3259,0
15,82.786,1,0,1,0.1392,1
44,48.3978,0,0,1,0.1022,1
15,67.1593,0,0,1,-0.704,1
52,64.0084,0,2,1,0.0418,0
70,101.8692,0,2,1,0.2418,0
52,85.723,3,2,0,-0.1945,1
71,22.9152,1,2,0,0.7355,0
10,15,2,1,0,0.7071,1
22,38.065,0,0,1,0.1222,1
31,78.5281,1,0,0,1.2173,1
49,61.2518,0,1,0,1.7554,0
59,59.1603,0,2,1,1.5684,0
0,76.0052,1,2,0,2.0097,1
4,127.0362,2,2,0,-0.7306,1
24,74.9419,3,1,0,0.3728,1
30,78.5181,1,0,0,-1.3082,1
22,89.5112,4,0,0,0.7734,1
69,67.8337,4,0,0,0.6004,1
8,98.9812,0,0,1,0.2908,1
1,81.2066,1,1,1,-0.0849,1
62,108.7984,2,2,1,-3.0806,0
6,31.1423,0,0,0,-0.8281,1
29,59.9586,1,0,1,0.972,1
69,110.1156,0,1,0,1.0252,0
28,49.2223,0,2,0,0.4962,0
10,101.8952,0,0,0,0.7835,1
6,73.0493,0,2,0,0.1457,1
71,46.2342,0,2,0,0.0822,0
32,89.7646,1,0,0,1.8262,1
71,63.9073,0,1,0,-0.8628,0
17,46.0891,0,0,0,-0.3674,1
56,58.3252,4,0,1,2.1161,1
49,77.6934,2,0,0,0.7385,1
3,43.3877,0,1,1,-0.0782,1
57,41.1346,1,1,1,0.5695,0
62,45.3913,0,0,0,2.2525,0
53,87.8289,0,1,0,-1.6881,0
61,57.8604,1,0,0,-1.1129,1
1,102.3946,0,2,0,-1.6127,1
54,87.3373,0,1,1,0.3111,1
53,52.7936,1,2,0,0.9798,0
24,62.0041,0,2,0,0.3967,0
48,88.368,1,1,0,-0.8311,1
61,87.4869,3,1,1,0.9033,1
42,98.5284,0,2,1,0.1064,0
26,60.2913,0,0,1,0.7688,1
47,96.5345,0,2,0,0.2759,0
48,91.6202,2,1,1,2.1352,0
15,68.1324,1,2,1,0.4915,1
35,65.9972,0,0,1,-0.9447,1
63,16.2197,1,1,0,1.1686,0
51,44.5393,1,2,0,1.1771,0
5,54.4923,0,2,0,0.5258,1
65,57.8038,2,0,1,0.0958,1
33,37.3564,0,0,0,0.8578,1
1,31.903,1,2,1,0.7195,1
59,93.1419,2,0,1,-0.9724,1
55,73.3617,2,1,1,1.0515,0
32,101.4143,2,2,1,-0.5677,0
65,81.3636,3,1,0,-0.1449,0
39,62.419,1,0,0,0.7379,1
12,45.4159,0,0,0,-0.2462,1
40,99.5118,1,1,0,0.5667,0
45,43.7987,1,1,1,-0.2777,0
46,40.2037,2,1,1,0.2675,1
51,64.6329,1,0,1,-1.538,1
49,72.7461,0,2,0,-2.131,0
29,75.128,2,1,0,0.5258,1
43,116.4048,0,0,1,-0.9161,0
27,72.2875,1,1,1,-0.681,0
54,56.5886,2,0,0,-0.4452,0
21,56.9921,0,2,1,-1.4256,0
35,82.747,1,2,1,-1.1891,0
22,83.5481,1,0,0,-1.2317,1
1,74.5518,2,0,0,-1.8283,1
11,97.8338,4,2,1,0.408,1
25,35.4417,2,1,1,-0.531,0
34,105.2176,0,2,1,0.0986,0
27,79.311,0,2,0,-1.6218,0
21,15,1,1,0,0.7137,1
42,53.658,1,1,0,-1.3062,0
17,43.9702,1,2,1,-0.4647,1
12,38.5081,1,0,0,-2.1945,1
19,80.9776,3,2,1,0.5272,1
57,44.7757,2,2,0,-1.7838,0
41,33.0742,1,2,0,-0.2358,0
14,66.4914,3,0,1,-0.0085,1
11,101.6439,0,0,1,-0.1524,1
12,88.3955,1,2,1,-0.7424,0
33,75.3148,1,2,1,3.2645,0
7,78.0815,2,0,0,0.1301,1
14,41.4329,2,2,0,-0.4979,0
28,51.0582,0,2,0,-1.681,0
10,93.4024,1,0,0,-0.274,1
58,84.3582,1,1,1,-0.125,0
37,82.342,1,2,0,0.8198,0
52,81.3335,0,2,1,1.3723,0
16,91.0878,0,2,1,1.6443,0
68,98.864,2,2,0,-0.1978,0
59,65.2681,0,2,1,-0.1771,0
7,63.4616,1,1,0,-0.5353,0
68,79.532,1,1,1,-0.409,0
23,49.4594,3,2,0,0.1068,1
62,66.1908,1,2,1,-0.3982,0
15,69.9137,0,0,1,0.8731,1
42,53.1522,2,0,0,-1.1103,1
24,50.4568,1,2,0,1.7443,1
25,63.015,2,1,0,-0.1098,0
8,82.5599,0,1,1,0.025,1
61,46.6012,1,2,1,1.4274,0
23,75.2078,1,1,0,1.6525,0
40,69.1008,1,0,1,0.5882,1
67,84.2953,2,1,0,0.4848,0
25,50.41,2,0,0,-0.4834,1
18,87.949,1,2,0,0.8219,1
24,123.9736,0,2,0,-0.4709,0
16,39.2402,0,0,1,-0.0467,1
25,17.5667,3,2,0,-0.809,0
1,38.0759,1,2,0,-0.7692,1
7,57.6761,0,1,0,-0.8154,1
63,65.6847,1,2,1,0.3923,0
33,73.2724,2,0,0,0.333,1
38,15,2,2,1,-0.8113,0
48,85.4059,1,2,1,0.082,0
50,48.0219,0,0,0,1.2295,0
8,61.5779,0,1,1,-0.3058,1
28,149.7989,1,2,1,-0.2959,1
59,67.343,1,2,0,-0.5095,0
43,101.2202,0,2,0,-0.9861,0
29,61.6481,3,0,1,1.2299,1
48,86.957,1,0,0,-0.3247,1
55,60.2712,1,1,0,0.5255,0
37,15,1,1,1,0.5248,0
51,68.5452,2,0,1,-0.6454,0
10,80.015,3,1,1,0.6693,0
4,95.544,0,2,0,-2.418,1
37,84.5002,0,0,1,0.7542,1
10,88.8525,0,1,1,0.4214,0
60,99.4117,0,0,0,0.482,1
68,46.9388,0,1,1,-0.692,0
11,70.8297,2,2,1,0.8849,0
29,62.4332,1,2,0,0.237,0
64,109.5887,0,0,1,-0.7554,1
43,49.9988,0,1,0,-1.5009,0
36,70.8007,1,0,1,-1.9242,1
1,15.124,0,0,0,0.3031,1
52,79.6777,1,0,0,0.0515,1
28,70.7927,0,0,1,1.3757,1
47,67.6482,1,1,0,-1.0192,1
24,47.02,0,1,0,-1.4941,1
51,76.378,1,1,1,0.5799,0
26,51.2168,1,2,1,1.2383,0
1,99.4854,0,2,1,0.0479,1
70,85.4669,1,1,1,0.5271,0
13,106.9897,1,2,0,-0.2706,0
2,54.8881,1,2,0,0.7106,1
22,26.2193,2,1,0,0.2966,1
70,69.7306,2,2,1,-2.465,0
61,15,2,0,1,0.4486,1
47,67.882,2,2,1,0.4532,0
45,93.5789,2,1,1,0.2364,0
63,50.2852,0,2,0,-1.5047,0
28,81.9472,1,2,1,-1.1658,1
69,70.6866,0,1,0,-0.4308,0
70,118.0048,1,2,1,-0.2163,0
47,80.3508,2,1,0,-1.5835,1
26,69.7747,2,0,0,-0.7046,0
25,46.7141,2,0,1,0.069,1
61,44.302,0,2,0,-1.2176,0
46,65.5585,1,0,1,-0.1721,1
29,74.5599,4,0,1,2.2145,1
4,65.4676,2,2,1,-0.1346,1
50,56.3986,1,1,0,1.3048,0
51,34.5797,1,1,0,-0.2389,0
35,80.8782,2,2,1,2.243,0
38,64.9596,0,0,1,0.0598,0
61,108.014,1,0,0,1.252,0
36,62.0076,1,0,1,0.3373,1
11,53.0635,2,2,1,0.5375,0
36,73.5374,1,2,1,0.5896,0
27,39.0589,1,2,1,-0.3871,1
26,39.6774,2,1,0,-0.0354,1
18,49.1788,0,2,0,0.7469,0
48,121.257,1,1,1,-0.4512,1
71,53.8729,1,1,0,1.2921,0
41,25.2658,2,1,0,0.0748,1
14,41.3687,1,2,0,0.7242,1
36,52.3161,1,1,1,-0.0163,0
25,15,0,1,1,0.5932,0
55,32.3033,0,0,0,0.9272,1
65,81.6402,0,1,0,0.4318,0
53,40.7456,0,1,0,1.1878,1
16,122.4992,2,0,1,-0.7781,1
2,45.9001,0,0,0,0.2878,1
42,72.2181,1,2,1,1.1175,0
38,77.9329,1,0,1,-0.955,1
40,39.2304,2,0,0,-0.4314,0
15,77.946,0,1,1,-0.2068,0
0,123.1112,4,0,0,0.9327,1
3,51.6602,1,2,0,-1.2881,1
61,85.0744,1,1,1,-0.9392,1
41,129.812,2,1,0,2.4121,1
59,59.628,1,0,1,-0.3902,0
9,68.9811,0,1,1,0.0674,1
12,31.7369,0,1,1,0.9471,0
2,62.5507,1,1,1,0.2756,1
62,67.3946,1,0,0,-0.3824,0
17,40.9022,1,0,0,-0.9434,1
68,87.8172,1,1,1,-0.5239,0
31,24.3916,3,0,1,2.3495,1
30,93.1937,2,1,0,0.8601,1
9,64.3208,2,1,0,-1.5347,1
61,104.9824,2,1,1,1.6793,0
37,60.1987,1,2,1,0.621,0
43,83.3005,4,0,0,-0.5416,1
16,36.423,1,2,0,-0.0695,0
67,103.9732,0,0,0,0.4354,1
63,63.4592,0,1,1,0.1576,0
66,49.2783,0,0,0,0.6501,0
17,83.8038,0,2,0,0.896,1
65,81.1995,3,1,0,-0.4925,0
22,57.5315,4,0,0,-0.3722,1
1,95.8986,1,1,1,-1.4924,1
32,46.1319,4,2,1,1.5615,0
49,29.2249,2,2,0,0.5857,0
13,80.7046,2,2,0,-0.8595,1
20,38.1018,0,0,1,0.3951,1
40,37.56,2,1,1,-0.8561,0
40,35.2116,0,2,1,0.7954,1
38,67.67,6,0,0,0.1964,1
24,87.1009,2,0,0,-0.9349,1
31,92.6013,2,1,1,-0.5613,1
58,57.4029,2,1,1,1.018,0
62,99.9718,3,0,1,-1.0052,1
9,64.9265,1,1,1,-0.4429,0
45,32.0971,3,2,1,-0.3641,0
23,94.7322,2,0,0,2.559,1
23,43.3441,2,2,1,0.2729,0
41,57.7948,0,0,1,-0.4369,0
32,56.4364,0,2,1,1.5106,0
59,48.2032,2,0,0,-0.6524,0
11,40.5578,3,0,1,0.4729,1
43,25.0411,1,2,1,-1.568,0
62,54.7159,1,1,1,1.274,0
66,43.4071,0,2,1,0.6576,0
43,54.0651,1,1,1,0.9094,0
70,107.4113,1,1,1,0.0205,0
13,90.0107,1,0,0,-0.9643,1
49,42.3051,2,0,1,0.4293,1
17,55.2863,0,1,1,-0.9818,0
7,42.7483,3,1,1,-2.1492,0
6,31.6984,0,1,0,-1.1708,1
20,57.1275,2,1,0,1.3688,1
1,128.0833,2,1,1,0.1374,1
63,60.5827,2,0,1,-0.5272,0
27,56.0752,0,2,1,-1.1452,0
54,57.7386,2,0,1,0.0361,0
10,58.9825,1,2,1,0.1519,0
51,78.4181,0,2,1,0.4811,0
9,57.7472,0,2,1,-1.655,1
65,46.0925,0,2,0,0.3811,0
50,94.1882,0,0,0,1.2879,1
47,61.6143,0,2,0,-1.6682,0
35,56.8013,1,1,0,1.4691,0
47,63.5252,1,1,1,0.2332,0
52,56.8938,0,2,0,-1.675,0
42,94.1566,2,2,1,1.9951,0
20,88.2841,1,2,1,-0.6048,1
49,75.5301,1,0,0,-0.4847,1
65,37.7633,0,1,1,-0.3528,0
19,42.2921,3,0,1,1.041,1
13,24.7912,1,1,0,0.3882,1
54,89.3275,1,1,1,-0.2404,0
24,55.519,0,2,1,-1.4902,0
34,95.2754,2,1,0,-0.4042,1
68,90.0447,0,0,1,0.7508,1
24,37.754,1,2,0,-0.6599,1
33,70.2576,2,0,1,-0.5219,1
36,104.6494,2,2,0,-0.8631,1
65,67.436,1,0,0,0.2901,0
22,108.7516,2,1,1,0.1781,1
46,83.0262,1,0,1,-0.7984,1
46,68.4158,0,0,0,0.7263,1
42,51.49,0,1,1,-0.0068,0
26,114.5114,1,0,0,-0.6297,0
63,50.6487,2,2,0,0.3532,0
62,60.5584,0,2,1,-1.2819,0
38,92.1949,2,1,0,-0.4018,1
4,66.0839,2,2,0,-1.0685,1
68,50.4006,1,2,1,-0.4342,0
61,91.7487,0,1,1,-0.2549,0
65,58.5939,0,2,0,0.598,0
49,15.3432,1,2,1,1.5612,0
21,72.4614,1,2,1,0.3602,0
45,70.3549,0,2,1,-1.0014,0
12,65.22,0,2,0,-1.2366,0
41,47.6417,4,0,0,0.4326,1
10,46.9631,1,1,1,-1.9213,0
2,84.2266,1,1,1,0.7684,1
21,44.9899,1,2,1,0.4181,0
32,68.0419,4,1,0,0.2925,1
20,82.4376,4,0,1,-0.119,1
50,60.0221,2,2,1,-0.1164,0
43,48.0595,2,1,0,2.3416,1
39,97.8238,2,1,1,-0.17,0
21,55.6987,0,0,0,0.9006,1
36,56.5726,2,1,1,1.3331,1
29,119.3377,1,1,0,0.0942,1
6,129.1924,0,0,0,0.1057,1
57,68.9851,3,0,1,-0.4482,1
29,80.3997,0,0,1,-0.4453,1
29,70.3477,0,1,0,0.8754,0
6,69.2667,2,0,0,0.0729,1
1,92.6613,2,1,0,0.5662,1
65,116.6955,0,1,1,-1.0624,0
29,109.2569,1,0,1,-0.6429,1
11,41.2582,0,0,1,1.013,0
1,35.6549,1,1,1,-0.3681,1
34,62.8456,2,2,0,0.3761,0
47,85.9225,0,2,1,0.6312,0
10,71.6861,0,2,1,0.1047,0
32,76.4249,1,0,0,-1.3605,1
6,106.8161,2,0,1,-1.4581,1
42,64.0723,0,0,1,0.1833,1
47,33.8319,1,2,0,0.4237,0
70,59.8397,0,0,1,1.5043,0
66,52.0962,1,0,1,-0.6239,0
52,71.3518,0,1,0,1.0789,0
25,87.5375,0,1,1,1.7171,0
69,81.1472,2,1,1,0.1128,0
67,85.1552,1,0,0,0.4507,1
0,56.4114,2,2,1,-0.3939,0
33,60.578,0,1,0,-0.0669,1
16,87.2734,0,2,1,-0.5798,0
65,32.4548,1,1,1,0.3401,0
31,79.9322,1,0,1,0.4237,0
27,125.5217,1,1,0,-0.8171,1
2,104.1085,0,0,0,0.3696,1
65,46.9248,2,2,1,-0.534,0
41,16.288,0,2,0,2.2865,0
66,81.4847,0,1,0,0.2912,0
49,92.0046,2,2,0,-0.7259,0
65,111.5922,3,0,0,-1.2946,1
67,74.7272,0,2,0,-0.4459,0
39,116.557,3,2,1,-0.1205,0
3,62.5824,1,1,0,-1.055,1
15,56.9775,3,2,0,-1.1095,1
56,62.5108,0,1,0,-1.0572,1
51,30.9657,1,1,1,0.1023,0
27,31.0684,0,0,0,-0.6813,1
43,87.5428,2,0,0,0.5972,0
2,89.9971,1,2,1,-0.4326,1
3,57.6157,1,1,0,0.3997,1
6,36.9339,0,2,1,0.0387,1
26,54.6979,1,2,0,-1.2465,0
24,92.6569,1,0,0,0.4145,1
59,42.8641,1,1,0,-0.6259,0
29,19.7375,2,0,0,0.8609,1
9,90.4576,0,1,0,2.2132,1
46,95.0993,1,0,0,0.9013,1
70,89.7182,1,2,0,-0.1059,0
19,91.5669,2,1,0,0.8911,1
0,86.5834,0,0,0,-0.0686,1
5,56.5677,1,2,0,1.0563,0
32,87.3514,1,2,0,0.1211,1
67,43.1831,0,1,0,0.3238,0
50,82.6958,0,1,1,-1.0607,1
36,15,3,2,0,0.5549,0
42,15,3,1,0,1.2866,0
9,101.1499,2,0,0,-1.8016,1
55,77.1319,2,2,0,0.3671,0
52,70.9184,1,0,1,1.0754,0
23,107.8116,1,0,0,1.3081,1
51,66.0102,1,1,0,-0.4894,0
2,89.9471,1,2,0,-1.2409,1
57,63.1439,1,0,1,0.1221,1
59,33.7142,2,2,1,-0.068,0
18,31.0235,1,2,0,-0.5596,0
62,75.4585,1,2,0,-1.9471,0
59,82.7702,1,1,0,0.7051,1
22,67.6035,0,2,0,0.4586,0
70,88.9455,1,0,0,0.7725,0
8,74.8101,2,1,1,-0.2674,1
41,53.6926,1,2,1,1.7631,1
8,61.8642,0,1,0,-0.2831,1
70,114.8397,1,2,1,-2.4883,0
15,112.6106,0,1,1,0.1066,1
63,96.3935,3,2,0,1.5517,0
22,109.6605,1,0,1,-0.1116,1
43,124.62,1,0,1,-2.1173,1
16,70.505,0,1,1,0.2635,1
47,34.3313,2,1,1,0.6678,0
43,80.1923,1,0,0,-0.1313,1
15,53.433,0,1,0,-0.6387,1
52,51.4608,2,2,0,0.6519,0
21,112.7207,1,2,0,-0.417,1
34,69.9938,1,0,1,0.4371,1
8,54.0638,0,2,0,0.2166,0
62,55.083,2,1,1,-1.5234,1
45,50.2915,1,0,0,0.0336,1
3,51.2767,1,0,0,0.4541,1
37,79.3295,2,0,1,-0.9211,0
16,106.4444,1,1,1,-1.1276,1
58,26.4176,0,0,0,-0.6844,0
62,39.6176,3,0,0,1.5031,1
58,67.6568,0,0,0,-0.6584,1
37,92.6247,1,2,1,-0.2049,0
13,16.7574,1,0,0,1.2233,1
2,55.9566,0,1,0,-1.3494,0
57,68.5217,2,1,0,-1.3984,1
58,37.6952,1,2,1,-1.3579,0
57,61.4534,0,1,0,-0.8082,1
47,52.3397,3,1,1,0.4503,1
28,60.3147,0,1,0,0.2852,1
71,58.5798,0,1,1,-0.8641,0
59,80.9907,1,0,0,-0.3756,0
16,50.9071,2,2,0,1.3062,0
59,55.2279,1,1,0,-1.6782,0
61,88.6215,0,2,1,0.4057,0
4,83.8234,0,1,0,-1.8924,1
55,70.8228,1,2,1,1.4652,0
45,85.3528,2,0,0,-0.2232,0
20,40.3395,1,2,1,0.4577,0
67,47.1196,1,2,1,0.8068,0
12,38.1459,0,0,0,-0.3152,1
49,24.7324,4,0,0,1.24,0
14,67.5522,3,2,1,-0.1233,0
68,47.9142,3,2,0,-2.8844,0
39,25.8913,2,1,1,0.6876,0
43,74.3418,1,2,1,-0.589,0
43,79.9796,2,2,1,1.3461,0
61,79.3269,1,0,0,-0.3311,0
19,94.8625,1,0,1,0.0363,1
28,64.5303,0,2,1,0.7016,0
5,69.9968,1,0,1,-0.1324,1
46,45.2754,1,2,0,-0.5792,0
51,34.7369,2,0,1,0.6935,0
9,111.7828,0,2,1,0.4842,1
40,86.5584,3,1,1,0.6784,1
1,76.5273,0,2,0,-0.5934,1
16,68.1699,2,2,0,-0.6845,1
16,43.2661,1,1,0,-1.0067,1
22,29.9111,1,2,0,1.0362,1
22,103.4916,2,1,0,-0.585,0
36,85.2397,1,1,1,0.3561,1
64,83.7427,1,0,0,-0.0738,1
66,87.4007,1,0,0,0.0736,0
6,97.5382,1,2,1,0.2886,1
52,54.007,2,2,1,-1.5769,0
59,73.7533,2,2,1,0.2498,0
25,95.4748,1,1,1,0.075,0
54,15,0,1,1,-0.5947,0
64,104.932,1,1,0,-0.0053,0
50,108.7994,0,2,0,0.2775,0
37,116.2129,1,2,0,-0.3278,0
28,55.9131,4,0,1,-0.1613,1
40,58.6272,4,2,1,-0.9053,1
68,86.2132,0,0,0,1.1348,0
30,90.3381,4,0,1,0.308,1
66,138.9022,0,2,0,0.4843,0
54,49.4305,1,1,0,0.3968,0
41,74.0159,0,0,0,0.0499,1
31,30.4519,1,1,1,0.1755,0
35,96.813,0,2,1,0.455,0
47,103.4598,1,2,0,1.1753,0
1,76.586,1,0,0,-0.2128,1
22,55.8922,1,2,0,-1.1831,0
36,70.2553,1,1,1,1.709,1
65,104.1825,0,0,0,-1.3282,1
35,67.3653,0,1,0,0.5011,0
45,121.5541,0,1,1,-0.7876,0
5,80.6384,1,0,1,-0.3954,0
26,60.1406,1,1,0,-0.9889,0
36,51.288,1,0,1,-1.1932,1
2,61.9552,1,0,0,1.261,1
9,15,0,0,0,-0.4065,1
63,73.9124,2,2,0,1.5734,0
33,81.07,1,0,1,-1.2552,1
29,15,4,0,1,0.41,1
39,53.251,1,0,1,-1.4858,1
6,81.5466,0,2,0,-0.3386,1
32,73.5543,0,2,1,-0.8454,0
48,55.0373,0,2,0,1.4738,0
46,101.1214,1,2,0,0.5509,0
7,60.2793,0,0,0,0.4144,1
13,80.4335,0,0,1,-0.7834,0
4,87.4332,1,1,1,-0.3821,0
38,69.0217,0,0,1,-0.782,0
16,83.5668,0,0,0,-0.3149,1
49,35.9468,0,1,0,1.2827,0
69,93.3047,1,0,0,0.5967,0
50,77.8036,2,2,1,-0.4374,0
9,43.5043,3,0,1,-1.7481,0
3,64.8886,6,2,1,0.9228,1
50,54.0337,1,2,0,-1.0768,0
26,58.9867,1,2,0,-0.8987,0
51,39.1921,2,2,0,0.2422,0
48,75.2121,1,2,1,-1.0851,0
2,74.0309,3,2,0,0.0233,1
67,82.9974,1,2,1,-0.2562,0
8,24.427,1,1,0,-1.7551,1
64,69.3271,2,1,0,0.835,0
60,68.0791,3,2,0,-0.2024,0
6,33.0553,1,0,0,1.3949,1
66,19.9342,2,1,0,1.3373,0
29,104.7735,5,0,1,-1.8677,1
41,90.0367,0,0,1,-1.3005,1
12,40.1936,0,2,1,-1.5431,0
32,79.9927,0,1,0,-0.0898,1
64,29.6519,1,1,1,-0.8916,0
63,64.7894,0,0,1,0.043,0
15,102.1588,0,0,1,0.6984,1
71,15,2,1,1,1.5197,0
5,66.8899,0,2,1,0.8145,1
65,47.2033,1,1,0,-0.3137,0
13,85.2064,1,1,1,-0.8545,0
47,15,0,0,1,-0.3418,1
61,48.1908,1,0,0,0.0452,1
36,44.5769,1,2,0,1.2995,0
30,79.1108,2,1,0,-1.2256,1
58,116.9885,0,2,0,-0.5142,0
63,20.1225,1,0,0,-0.2279,1
67,60.4299,3,2,0,-0.8619,0
67,90.2015,2,1,1,-0.3392,0
67,60.5265,0,0,0,0.2314,0
17,73.177,1,2,1,-1.0134,0
4,82.8933,0,2,0,-1.5351,1
23,33.4442,3,1,0,0.3368,0
69,45.2329,1,2,0,0.4523,0
44,103.1588,2,2,0,-1.1156,1
8,19.1289,4,1,1,0.5373,0
18,87.2404,3,1,0,-0.7384,1
5,53.38,1,2,0,1.2018,1
60,98.3616,1,0,1,0.3218,1
12,71.025,3,0,0,0.4449,1
61,73.1262,0,1,1,0.6729,0
71,64.2484,0,0,1,-1.172,0
46,101.6451,0,1,1,0.5679,1
70,33.8814,3,2,1,0.0356,0
14,77.7106,0,2,0,-0.9495,0
17,79.3331,2,2,0,1.1133,1
46,66.6182,1,1,0,1.1441,0
33,57.9724,1,2,1,-0.233,0
20,64.9356,1,1,0,-0.9899,1
34,55.7994,1,1,0,-0.4115,0
62,100.29,2,0,1,1.7222,1
38,71.944,2,2,0,-1.8753,1
42,46.8551,0,0,1,0.0935,1
25,66.4535,1,1,1,0.9746,0
49,94.8521,2,1,0,-0.938,0
0,39.8907,2,2,1,0.0831,1
8,15,0,0,1,-0.5985,1
41,37.2197,1,2,0,-0.5015,0
5,82.2992,1,1,1,-0.0186,1
57,15,0,1,0,-0.4382,0
20,78.4454,2,0,1,-0.6197,0
67,21.9256,5,0,0,-0.212,0
63,55.2144,1,2,1,1.2892,0
69,64.9895,0,0,1,-0.6867,0
65,86.0407,1,1,1,-0.7458,0
62,52.5592,0,2,0,-0.1105,0
39,29.7529,0,0,1,0.2577,1
47,53.1808,0,0,0,0.6498,0
68,59.5468,2,0,0,0.0372,1
44,83.2222,4,2,0,-0.331,0
9,42.5246,3,2,0,0.169,1
49,75.7483,1,1,0,-0.3315,0
39,50.1695,2,1,0,-1.0312,1
10,32.2835,3,0,1,-1.2197,1
18,77.8385,1,0,1,-0.4323,1
47,76.2423,0,1,1,0.6082,0
28,51.7229,1,0,1,-0.5938,0
65,69.2112,0,2,1,0.1752,0
48,71.1299,0,1,0,0.3495,1
1,52.4032,3,1,0,1.6323,1
13,74.6212,1,1,1,2.1506,1
6,72.3853,0,1,1,-1.3386,1
55,63.2405,0,0,0,0.3611,1
19,51.3953,1,1,0,-1.9237,0
10,59.7274,1,1,1,0.8023,1
44,78.7321,2,2,1,-0.3757,0
31,54.0468,0,1,1,0.3206,0
27,45.0774,2,1,1,0.2626,0
31,100.7973,1,2,0,-1.0811,0
61,34.4537,1,0,0,-0.2837,0
16,51.1419,2,2,0,-1.54,0
60,96.2352,1,0,0,-0.3076,0
47,96.8743,0,2,1,-0.903,0
33,85.5916,0,1,0,-0.9588,0
15,55.8634,0,1,0,0.6698,1
64,113.5841,1,2,0,-1.3242,0
26,83.9637,1,1,1,-1.8066,0
10,51.2299,0,0,1,-1.7936,1
9,96.3055,3,0,1,-1.3324,1
21,87.3778,2,1,1,0.1873,1
36,140.5366,0,2,1,-2.2263,0
60,66.1081,2,1,0,-1.7613,0
44,111.9558,3,1,0,-0.031,1
56,72.6004,2,1,1,-1.9141,0
41,70.8285,2,1,1,-2.155,0
7,120.7358,1,0,1,-0.1165,1
7,47.3457,3,1,1,2.1401,1
16,88.4647,3,1,1,-1.5133,1
45,29.6633,1,0,0,0.0897,0
6,120.8209,0,2,0,0.8982,0
21,67.3163,3,0,0,1.3966,1
36,44.6765,2,0,0,0.1277,1
17,15.0614,5,1,0,0.86,1
53,83.7407,3,1,0,0.8166,1
53,32.0725,3,1,0,0.0787,0
33,72.1822,1,0,0,-0.1457,1
36,77.7455,2,0,0,-0.5051,0
54,103.0343,1,0,1,-0.7751,1
17,65.3198,4,1,1,0.7966,1
54,75.8594,0,0,1,0.0554,0
38,41.4355,1,0,0,-1.2589,0
61,61.4516,1,2,0,-0.9919,0
14,31.7075,1,1,1,-0.1653,1
26,98.6542,1,2,0,0.5521,0
18,82.5179,0,0,0,0.4586,1
44,99.7732,2,0,0,0.0501,1
43,51.2715,0,1,1,-0.7838,1
0,78.9776,0,2,0,-0.5583,1
35,15,1,0,1,-0.3616,0
18,83.2199,2,1,0,0.1371,1
49,34.4393,3,2,1,0.07,0
9,63.7896,0,1,1,0.0564,0
34,82.4772,3,0,1,0.9946,1
50,87.345,2,1,1,-0.1341,1
61,113.6668,1,0,0,-1.5424,1
71,55.1805,3,0,0,-0.0448,1
31,55.26,0,2,0,1.4976,1
1,36.9594,0,2,0,-1.1825,0
2,107.0219,1,0,1,-0.4343,0
49,43.3557,0,0,0,0.609,0
12,63.1995,2,2,1,0.1762,0
28,74.1092,1,0,0,0.4426,1
44,37.0203,2,0,1,-0.0694,1
21,88.2855,0,1,1,-1.0511,1
10,77.8562,1,2,1,-2.1629,1
46,108.6965,2,0,0,-1.2441,1
66,67.6373,0,1,1,1.7049,0
6,73.853,2,1,1,-0.9073,0
55,66.3223,1,1,0,1.4093,1
13,50.5407,1,2,1,1.1136,0
49,54.2456,0,1,0,0.1395,0
17,34.44,2,1,1,0.452,0
5,46.5132,1,2,0,-0.9769,1
68,36.4642,1,1,1,0.3391,0
54,92.5764,2,0,0,-1.1267,1
49,56.8829,0,0,0,2.1891,1
68,83.5842,3,2,1,-2.0676,0
14,80.0425,1,2,1,-0.58,0
19,96.1262,1,0,0,-0.4292,0
0,76.8524,0,2,0,0.491,0
50,62.2245,2,1,0,-1.3377,0
10,75.9578,1,2,0,-0.9899,1
20,15,1,0,1,0.0862,1
8,16.3658,1,1,1,-0.1949,0
24,78.9866,2,1,0,0.4584,1
26,76.8278,0,0,1,-0.4587,0
2,52.1906,1,0,1,-0.6206,1
15,49.4739,2,0,0,-0.0098,1
26,79.6268,1,2,1,-0.0918,0
52,49.0001,1,1,0,-0.7608,1
46,66.5727,2,2,0,0.0219,0
61,88.8302,2,1,0,0.2612,1
18,91.7511,0,2,1,-1.3575,0
11,92.4121,2,0,0,1.2652,1
70,59.7201,1,0,0,0.0745,0
31,42.4415,1,2,1,-0.868,0
33,88.402,6,1,1,-0.6346,1
38,62.0132,2,1,0,0.3816,0
38,67.5411,3,1,1,-0.7288,1
58,61.2634,0,0,0,-1.2305,1
43,61.1974,0,2,0,1.9056,1
22,44.4417,0,0,1,1.431,1
46,59.0898,1,0,1,1.3508,0
3,61.5558,2,1,1,-0.5624,1
62,127.1499,0,1,0,-1.1685,0
2,57.0685,3,0,0,1.7344,1
5,69.3321,0,2,1,-0.1043,0
15,69.8877,0,0,0,-1.2436,0
53,66.0563,1,0,1,1.1933,0
2,71.559,2,2,1,0.319,1
20,79.005,0,1,0,-1.1244,1
35,40.4747,0,1,1,0.3529,0
70,48.2347,3,0,1,-0.1711,0
70,50.7569,2,2,1,0.8184,0
59,39.9014,0,0,1,0.9545,0
11,108.4853,1,1,0,-0.1482,1
12,47.5075,0,0,1,0.8309,1
19,86.1407,3,2,1,0.2662,1
68,62.6279,1,2,1,-1.1749,0
59,113.9415,0,0,0,0.3099,1
13,80.4304,5,2,0,-0.8948,1
7,20.3227,2,0,1,0.4183,1
26,66.5004,1,1,0,-0.0523,0
63,93.0978,0,0,0,-1.6171,1
39,59.581,0,2,0,0.9242,0
39,90.3704,1,0,1,0.7933,1
37,91.504,0,2,0,1.2854,0
30,62.824,1,1,0,-0.296,1
54,69.872,0,0,0,0.1408,0
5,42.7165,3,1,0,0.0108,1
6,44.9676,2,1,1,0.2473,1
71,70.3666,2,0,1,0.1859,0
22,69.7298,1,2,0,1.5544,1
61,109.4996,2,1,1,0.2601,0
35,29.327,3,1,0,-2.0233,1
23,97.5837,3,2,1,-1.7348,0
52,100.2251,0,2,1,0.9094,0
61,135.2882,1,0,0,0.9479,0
23,70.0237,1,1,0,0.5319,0
71,79.6902,3,0,1,-1.1319,1
11,27.0528,2,0,0,0.6495,1
15,111.34,1,1,0,0.6695,1
13,86.9322,3,1,0,0.5351,1
51,87.7582,2,2,0,-0.8211,0
49,76.1472,2,1,0,-0.5044,0
27,88.6778,0,2,0,0.4965,0
41,46.4487,2,0,1,1.3515,0
26,72.1391,0,2,0,0.048,0
61,35.4541,1,0,0,-2.403,1
53,64.4072,0,0,1,0.0338,0
5,54.5225,1,1,1,1.7704,1
17,68.7188,1,1,1,-0.263,0
25,26.4844,1,1,0,0.1056,1
8,80.5097,0,1,0,0.4447,1
47,52.4744,0,0,1,1.0803,0
60,68.5865,0,0,1,-0.8746,0
49,49.9465,2,0,0,-1.2958,1
64,48.9237,3,2,0,-0.1156,0
50,66.8498,0,0,1,-1.4762,0
46,54.2057,1,1,0,0.9609,1
14,97.3873,0,2,0,-0.5419,0
30,63.5095,0,2,0,2.1059,0
28,41.849,1,0,0,1.9107,0
66,80.4666,0,0,1,0.5134,0
37,64.1216,2,1,1,-0.138,1
26,51.3954,1,0,0,-0.2545,1
21,46.6179,3,2,0,-0.689,1
33,97.3065,1,0,0,-0.5613,1
53,64.8942,0,2,1,-1.0996,0
58,40.3959,0,1,0,-0.5339,0
9,97.8859,2,1,1,-1.379,1
17,77.186,2,0,0,3.0001,1
46,92.8408,0,0,1,0.3634,1
4,62.8414,3,2,1,-0.4818,0
53,69.7658,0,0,0,-1.6727,1
14,96.5162,1,0,0,0.328,1
30,60.1516,3,2,0,-1.0214,0
69,50.6924,1,1,1,0.2148,0
60,76.2929,3,1,0,1.6628,0
66,16.6285,0,0,1,1.8608,0
68,78.8894,2,1,1,-0.9872,0
27,72.7238,1,1,1,0.9792,0
7,26.8288,2,1,0,-0.0436,1
54,84.9475,2,1,0,-1.0669,1
24,91.1113,0,1,0,0.8323,1
28,62.2611,2,1,1,0.1437,0
6,80.1827,2,0,0,-0.712,1
4,37.3406,0,0,0,-0.1231,1
70,89.395,0,1,1,1.7756,0
17,94.0914,0,0,0,-0.2903,1
40,27.6983,1,0,1,1.2584,1
24,82.2318,0,1,0,0.7261,1
40,69.7786,1,1,1,-0.3685,0
8,67.0822,0,2,0,-0.7713,0
33,73.6722,1,2,1,-0.6335,0
63,72.5286,2,2,1,0.7195,0
47,79.367,0,1,0,0.5191,0
6,101.0084,3,2,0,2.1346,1
43,53.8996,0,1,0,1.0633,0
43,89.234,0,0,1,-1.1515,0
11,118.9432,1,1,0,0.5208,1
17,102.5534,1,2,1,-0.3553,0
55,99.0705,2,1,0,0.6161,1
66,67.5147,2,0,1,1.6209,1
33,90.0241,0,1,1,-0.1422,1
44,119.83,2,1,1,1.2752,1
23,46.0564,2,1,0,-0.8349,1
4,62.8132,1,1,0,0.6473,1
22,44.15,0,0,0,0.4995,1
28,79.7332,2,0,1,-0.0168,1
29,86.1001,0,0,1,-0.9719,0
33,44.1187,1,1,1,1.5044,0
7,90.2118,1,0,0,-0.0896,1
9,88.8752,1,1,1,-0.6118,0
53,75.4935,1,2,0,-0.6816,0
63,60.6811,1,2,1,-0.5134,0
64,100.2897,2,2,0,0.6318,0
6,74.5419,0,2,1,0.6585,0
36,87.9551,2,1,0,-0.5813,1
56,50.2569,1,2,0,0.1128,0
61,89.859,1,1,1,-0.8661,0
36,72.8219,2,1,0,-0.4192,0
4,16.7347,2,0,1,-0.007,1
26,96.6574,1,2,0,-0.5014,0
16,87.0226,0,0,1,0.95,1
54,60.9721,0,0,1,-0.4717,0
35,21.7755,0,0,0,1.7644,1
30,115.3667,1,1,0,0.7517,1
17,29.0451,1,2,1,-0.5358,0
22,62.6327,2,1,0,-0.0084,1
49,50.567,1,2,1,-0.2162,0
12,100.0731,0,1,1,0.4859,1
9,101.2263,0,0,1,0.0706,1
30,87.0837,0,1,1,1.4857,0
56,51.8884,3,2,1,0.3162,0
43,15.717,1,0,0,-0.8874,0
19,92.4186,2,1,0,-0.1754,1
27,79.5821,3,0,0,0.0965,1
28,87.2088,1,2,0,0.6262,1
34,29.2423,0,1,1,-0.9469,0
67,41.6004,2,2,1,-0.1695,0
23,88.511,1,0,0,0.5411,1
53,34.2592,2,1,1,-0.5045,0
61,64.7638,4,1,1,-1.5254,0
63,60.8675,0,1,1,-0.6125,0
53,126.3666,1,0,0,-0.841,1
55,47.1326,2,2,1,-1.2752,0
17,93.8895,1,2,1,-1.6396,0
45,81.5551,1,1,0,0.3177,1
38,119.531,0,0,0,0.7326,1
16,47.6017,2,1,0,-0.3249,1
26,116.2607,0,2,0,1.222,0
50,83.1487,1,2,1,-1.9778,0
8,46.5122,4,2,1,0.3986,0
7,63.6441,0,0,1,1.1612,1
69,142.4391,2,2,0,3.4148,0
53,29.3795,0,0,1,0.0266,0
10,67.9081,0,1,1,-0.6398,1
48,92.2437,1,1,0,0.5636,0
49,95.253,0,0,0,0.9245,1
33,121.6863,0,0,0,-0.4978,1
15,94.6887,0,0,0,0.7056,0
55,74.3792,0,0,1,0.448,1
23,65.7241,2,1,1,-0.093,0
37,48.4765,1,1,1,-0.0505,1
68,81.3916,0,0,0,1.1,0
16,139.623,1,0,1,0.899,1
62,67.189,1,1,0,-0.4318,0
23,65.5937,1,1,1,0.5664,1
34,15,0,0,1,-1.1897,0
18,60.7141,0,1,1,-1.8257,1
38,68.0324,2,0,1,0.0786,0
69,107.658,2,2,0,0.6422,1
27,40.6313,1,2,1,-0.397,0
52,30.8245,2,0,1,-0.0027,1
67,65.5626,1,0,0,0.7244,1
5,62.3541,0,2,0,-1.0621,0
10,31.9037,4,0,0,1.0367,1
22,60.2858,0,0,0,-0.2228,1
43,74.513,2,0,1,-0.3381,1
13,102.6378,1,1,1,-1.1424,1
4,30.5702,0,1,0,1.4191,1
1,62.348,0,0,0,1.9935,1
2,68.2832,1,2,1,-0.1793,1
22,56.256,1,1,0,0.8406,1
2,53.0978,1,2,0,0.6548,1
16,58.7421,0,0,0,0.3585,1
66,53.1988,0,1,1,-1.9451,0
33,53.0366,0,1,0,2.1701,0
57,61.0158,0,0,0,1.3826,0
3,65.22,0,0,0,-0.7349,1
71,75.0067,2,2,0,-0.4064,0
28,81.1118,3,0,0,0.2427,1
44,60.6429,1,2,1,0.4354,0
11,45.2312,1,1,1,-1.0762,0
38,66.2042,0,1,1,-0.5667,0
13,61.509,1,0,0,-0.0522,1
5,80.8523,0,1,0,0.7504,1
22,84.6363,2,1,1,0.899,0
30,86.2821,2,0,0,0.2122,1
70,38.1342,2,2,0,-0.4722,0
54,101.4851,1,2,1,0.8866,0
39,72.0216,1,2,0,0.3165,0
36,60.4902,1,1,0,1.8259,1
54,68.5653,0,1,1,0.5041,0
60,76.8101,0,1,1,0.7073,0
56,58.9856,1,0,1,0.283,0
59,33.5747,0,0,0,1.5643,0
68,39.0129,0,1,0,0.7079,0
61,53.9028,0,0,1,-0.2183,0
50,111.1229,2,0,0,-0.2832,1
44,51.2921,0,0,1,-0.0483,0
70,17.0392,2,1,1,-1.9904,0
21,82.1139,2,2,1,-0.2547,0
24,106.7848,1,1,0,-0.4218,1
42,86.2098,1,2,0,1.3946,0
64,73.6197,2,2,0,0.619,0
14,89.7118,1,1,0,1.9853,1
2,137.4572,2,1,1,0.6622,1
5,47.8119,2,1,1,-1.4856,1
61,45.721,0,2,0,0.9579,0
41,47.6797,2,1,0,0.5044,0
50,40.2488,0,0,1,1.5273,1
56,47.9043,3,2,0,-0.1359,1
61,71.9003,1,1,0,0.7152,0
13,50.6939,3,2,1,0.1067,1
7,135.8472,0,1,0,0.8771,1
68,59.7887,0,2,1,1.0241,0
40,94.781,2,2,0,1.1263,0
54,121.0926,2,2,1,-0.1701,0
7,109.2833,1,2,1,-0.6013,1
6,49.4911,0,0,0,-0.44,1
50,112.7647,0,1,0,-0.9561,1
27,67.1763,1,2,0,0.5743,0
71,100.1002,0,1,0,-1.7213,0
70,45.284,2,2,1,0.5045,0
62,47.1457,1,2,1,0.9491,0
68,87.6645,0,1,1,-0.5563,0
54,23.519,4,0,1,-1.2121,1
59,36.3149,0,2,0,-0.9832,0
41,76.5696,0,0,0,-2.8038,0
6,103.6572,1,2,0,-0.9597,1
7,67.171,0,0,1,-0.0166,1
31,67.5018,2,1,1,-1.5251,1
70,68.2243,1,2,0,-1.0919,0
56,67.7846,0,2,0,-0.7854,0
22,116.0007,3,0,0,1.9659,1
28,44.6952,1,1,1,1.6315,1
34,81.8657,0,0,0,-0.1699,1
56,84.7126,2,1,1,-0.6695,0
5,61.5994,0,2,0,-0.614,0
10,65.1874,0,0,0,-1.1686,1
4,72.784,0,0,0,1.6922,1
70,65.1738,0,1,1,0.4852,0
1,81.077,1,0,0,1.6647,1
1,55.8368,0,0,0,-0.1299,1
13,63.4558,0,0,0,2.6377,1
14,71.6137,1,1,0,-0.9471,0
7,77.7559,0,2,1,-0.0209,0
8,65.0404,0,2,1,0.4633,0
64,117.4316,1,1,0,-0.7878,0
1,71.5409,1,0,1,0.5202,1
27,70.3546,0,2,0,0.9387,0
25,71.9658,1,0,0,-0.2392,1
51,76.8584,0,2,0,-0.0865,0
69,62.5484,1,2,0,0.6964,0
11,15,1,0,1,-0.0294,1
54,68.09,1,1,0,-0.3595,0
55,67.6108,2,1,1,-0.1057,0
55,58.8083,0,1,1,0.0784,0
69,72.8408,1,2,0,-0.651,1
27,64.2543,1,1,0,1.292,1
48,72.3215,0,1,1,-0.6676,0
23,42.6962,2,2,1,0.8831,0
59,66.3057,1,0,1,-0.2181,0
0,53.6154,1,2,1,0.1352,1
27,65.9475,1,2,0,-0.2044,1
53,87.2974,1,0,0,0.0673,1
6,70.5445,2,2,0,1.0681,1
63,119.3006,1,0,1,-0.0381,1
6,53.0042,0,0,1,-1.4536,1
16,89.1328,1,0,0,-0.909,1
45,78.5786,1,2,1,0.7464,0
71,37.6177,0,2,0,-0.3734,0
49,73.6836,2,2,1,0.5645,0
14,90.8842,2,0,0,0.6232,1
40,97.9257,1,2,1,-0.6347,0
56,103.184,0,0,0,-0.1445,1
10,88.3193,1,0,1,0.1317,1
9,78.8402,1,2,1,-0.9798,1
38,64.1853,1,2,1,1.0411,0
3,59.2533,4,0,1,0.1424,1
29,85.9232,0,2,0,0.4066,1
21,66.8152,5,2,0,1.2289,1
32,51.8877,0,1,0,-0.6446,1
13,34.958,3,1,1,1.168,0
68,123.0998,2,1,0,0.4594,0
37,101.3534,1,2,1,0.4356,0
12,73.5602,1,2,0,0.7444,1
69,15,0,1,1,-0.0893,0
43,55.5725,2,0,0,0.1049,1
10,59.1279,2,2,1,-2.0596,1
11,86.5111,1,2,1,1.2958,0
35,65.7345,0,1,1,0.5627,1
55,77.9902,1,2,1,1.3134,0
59,51.7899,1,2,0,0.3239,0
16,58.5165,1,2,1,-0.064,0
5,42.5059,1,1,0,-0.8051,1
27,72.6721,1,1,1,0.134,0
64,63.4173,1,0,0,1.2885,1
70,50.5363,2,2,1,1.8395,0
42,65.3592,3,1,0,1.223,0
34,67.6799,0,0,0,1.7735,1
54,69.6807,1,2,0,0.1331,0
11,15,0,1,1,1.9712,0
58,55.9454,2,0,0,1.6467,1
59,62.3426,2,1,1,-0.1981,0
31,84.292,0,2,0,1.231,0
64,38.5854,1,1,1,-0.0681,0
33,25.0704,2,0,1,-2.1476,1
34,89.9649,0,0,1,-0.6052,0
5,112.0021,1,2,0,-0.8838,1
17,57.8628,1,1,1,0.1863,1
0,56.7011,1,1,0,0.1021,1
20,33.4013,1,1,1,0.2592,0
34,57.1867,1,0,0,-0.2337,1
15,47.958,1,1,1,0.3222,0
42,72.4251,1,1,1,0.4682,0
48,121.0001,1,0,0,-0.0337,0
71,70.2868,1,0,0,0.5062,1
3,101.665,0,2,1,-0.2078,1
26,109.2504,2,2,0,-0.1014,0
66,73.5533,0,1,0,-0.9397,0
30,57.5733,3,0,1,0.0497,1
65,114.744,1,0,0,-0.7213,0
60,55.4185,0,0,1,-0.81,1
4,49.8522,1,2,0,0.0199,1
21,123.4791,3,2,1,-0.9586,1
10,60.2661,0,1,1,-0.7478,0
48,75.4434,1,1,1,-1.123,0
48,80.6569,0,0,0,1.074,0
3,79.978,1,2,1,0.898,1
0,46.8306,5,2,0,0.6132,1
8,93.8061,1,0,0,0.7349,1
65,94.0328,1,1,0,1.726,0
21,55.3041,0,0,0,0.1102,1
65,57.2388,2,2,0,-0.7391,0
28,103.4554,1,2,0,-2.1965,1
16,62.4171,2,0,1,1.4498,1
52,92.5795,1,0,0,-0.3571,0
12,87.9473,1,2,1,-1.7072,1
67,55.8113,1,1,1,1.8706,0
11,73.9133,4,2,1,0.037,0
67,137.9931,2,0,1,-0.2095,0
51,61.7839,1,0,0,1.03,1
44,67.0721,1,1,1,-0.4504,1
55,50.3844,0,0,0,0.5362,1
32,60.5967,0,1,1,-0.4655,0
9,43.9715,0,1,0,0.1603,1
33,74.6351,0,1,1,0.4142,0
58,29.8136,0,2,1,0.5332,0
57,100.4724,0,0,1,0.6165,0
3,34.2645,1,1,1,-0.9359,1
6,71.9785,3,1,1,-0.3096,1
66,50.3699,3,0,0,1.106,1
23,102.8406,2,1,1,-0.0486,1
64,108.9446,1,0,0,-0.6125,1
60,61.1915,0,0,0,-0.4328,0
50,103.796,1,1,1,1.0557,0
26,100.228,0,1,1,-0.6009,1
29,54.5629,4,2,1,1.2275,1
61,52.7759,1,1,0,2.4769,0
23,63.27,0,0,1,0.4911,0
10,87.1934,0,2,0,-0.0118,0
34,90.2625,0,1,1,1.3336,1
68,38.9249,1,2,1,-0.427,0
70,92.6512,0,0,1,-0.5477,0
36,65.4023,0,2,0,1.6506,0
1,66.5138,2,2,0,-0.3213,1
7,65.1218,3,0,0,-0.4736,1
3,64.726,1,0,0,-2.2619,1
21,69.7624,0,0,1,-2.3037,1
19,83.3686,1,2,0,-0.5472,1
67,103.4861,3,0,1,-0.278,0
60,70.1129,1,0,0,-2.4605,1
62,97.5971,1,0,1,-0.1795,1
23,51.5865,1,1,0,0.1805,0
31,38.5777,2,0,0,-0.3358,0
4,51.8985,0,2,0,-1.1053,1
47,59.7501,1,2,1,-1.2629,0
15,76.6037,0,2,0,0.5283,1
53,69.4871,4,1,0,0.732,0
50,70.9841,1,2,0,-0.5583,0
21,53.7588,1,0,1,-1.0969,0
39,50.8939,0,1,1,0.7377,0
1,83.2612,1,2,0,0.9924,1
51,51.7064,2,2,0,-0.6078,0
45,61.2125,1,0,1,-0.2986,1
38,16.4389,0,2,1,-1.5055,0
23,15,2,1,0,-0.0682,1
31,38.6359,0,2,0,-0.4943,0
41,86.4669,1,1,0,0.5888,1
1,56.132,3,2,0,-0.8738,1
70,62.6582,1,0,0,-1.1482,1
59,62.3415,4,1,0,0.0795,0
48,72.9929,2,2,1,0.8378,0
4,54.5994,1,1,0,-1.6098,1
5,87.3103,1,0,0,0.5102,1
40,117.9842,0,0,1,1.0901,1
37,76.3029,0,1,0,0.3843,1
39,63.0124,3,0,0,-0.2608,1
23,35.3798,1,1,0,-0.5188,1
59,58.7546,1,0,0,0.8528,1
51,36.4416,1,2,1,0.7564,0
22,51.3953,1,1,0,-0.7371,1
40,83.6852,0,0,1,-0.4989,0
26,93.1921,0,2,1,-1.3368,0
4,37.0113,0,1,1,-1.7052,1
3,69.3211,0,1,0,0.3728,1
5,32.1323,0,2,1,1.893,0
21,71.8605,3,0,0,0.4405,1
32,88.0749,0,1,1,0.5065,0
27,60.499,2,0,1,2.1011,1
57,39.7541,0,1,0,0.3271,1
45,65.1907,1,0,0,1.2299,0
33,53.6126,1,0,0,-0.7027,0
66,66.114,2,2,0,0.1727,0
27,93.89,0,2,0,-0.8063,0
39,71.9488,0,0,1,-0.5967,0
41,90.0337,0,1,0,-2.2149,1
22,67.7325,1,2,0,1.5114,1
57,104.221,0,1,1,-1.7357,0
22,66.5042,1,2,1,0.0498,0
49,68.184,3,0,0,1.0107,1
6,71.1562,1,1,0,-0.2527,1
36,56.9388,1,0,0,-1.1495,1
19,53.9893,2,0,1,-0.279,1
0,98.0936,4,0,1,0.8158,1
25,103.4672,2,0,0,1.0038,1
37,82.9761,3,0,0,-0.5238,1
50,60.9795,1,0,0,0.7796,1
36,64.7442,0,0,0,-0.678,0
58,44.8017,0,2,0,-0.5556,0
37,42.1459,2,1,0,0.4264,0
13,65.5537,1,0,0,0.4132,1
41,91.1989,3,2,1,-1.2217,1
30,90.8793,1,2,0,0.5698,0
58,41.2283,2,0,1,0.1912,0
63,84.6181,0,0,0,-1.1077,0
71,54.6786,0,1,1,1.1123,0
53,37.7223,1,1,1,-1.4672,0
11,60.483,2,0,0,-0.0285,0
61,66.0039,1,0,0,2.0695,1
6,39.867,2,1,0,0.3746,1
38,74.873,3,1,1,-1.4073,0
39,48.8023,2,1,1,-0.6984,0
37,49.5016,3,0,1,-0.0095,1
25,76.6287,0,2,1,0.671,0
47,99.4054,1,0,1,0.2551,1
13,77.6604,2,1,1,0.1617,1
4,108.8057,2,2,0,-0.6348,1
57,30.8989,0,2,0,-1.1766,0
15,83.511,0,0,0,-0.1421,1
55,141.6565,1,1,1,1.1068,0
2,72.1214,1,2,1,-0.3936,1
52,43.5222,3,1,1,1.1727,0
38,73.9793,1,2,0,0.9199,0
43,93.8682,0,1,0,-0.7106,1
37,52.344,1,0,0,-0.3751,0
7,84.4592,1,2,0,-1.3335,1
44,81.8334,2,1,0,-0.0318,0
13,64.9091,2,0,0,-0.7474,1
50,82.7647,0,1,0,-0.2581,1
22,87.2255,0,2,0,-1.5201,0
32,64.7585,1,0,0,1.5979,0
48,64.3299,3,0,0,-0.7149,1
12,66.4676,1,1,1,-0.1265,0
25,62.5076,1,2,1,-1.1546,1
42,33.1954,0,2,0,1.1201,0
50,47.1047,4,1,0,1.553,1
36,46.4105,1,0,1,1.052,0
24,55.3972,2,2,1,-1.8342,0
70,78.3431,2,1,0,0.5153,0
22,66.0938,1,0,0,-0.0205,1
29,43.5947,2,0,1,-1.212,1
23,65.2576,0,2,1,-0.4206,1
34,97.1318,1,2,0,0.0201,1
22,40.6958,0,0,1,0.9646,0
68,81.6407,0,0,0,-1.1877,0
11,31.761,1,1,1,-0.9722,0
31,59.1645,0,2,1,1.9256,0
7,40.2245,0,2,1,-1.6307,0
34,87.4519,0,2,1,0.3543,0
6,23.16,2,2,1,0.0941,0
40,41.2372,2,2,1,-0.1895,0
60,62.0885,1,2,1,1.4003,0
64,83.5602,1,0,1,-0.8587,0
40,89.3651,2,0,1,-0.2687,1
70,38.0408,2,2,0,1.2078,0
5,88.9241,1,1,1,1.3276,1
46,105.7757,1,2,0,0.3198,0
16,39.945,2,0,0,0.4498,1
58,35.0905,0,0,1,-0.8412,0
52,48.1938,1,0,0,0.7897,1
55,49.3501,0,2,0,-0.784,0
70,67.3308,0,2,1,0.3158,0
57,121.893,1,0,0,0.4952,1
59,45.0655,1,0,0,0.3271,0
13,91.5315,1,2,0,-1.337,1
10,76.3977,1,1,1,-0.9653,0
20,99.5963,1,1,1,-1.0732,0
57,15,1,1,1,-0.217,0
44,32.4676,2,0,0,1.4311,0
54,69.8838,2,2,0,0.3788,0
53,63.1967,1,0,0,0.7553,0
62,27.3254,2,1,1,-0.1777,0
14,60.7718,0,1,1,0.3658,1
56,113.4515,1,2,1,1.4198,0
46,43.7196,2,1,0,-0.8206,1
44,58.2915,1,2,0,-0.2266,0
40,91.4363,0,1,1,-0.3743,0
23,65.1015,0,0,1,-0.3165,1
25,98.6628,2,2,0,-0.2164,0
24,72.5627,0,2,0,2.1389,0
33,59.0515,0,0,0,-0.2695,1
14,104.0426,5,0,1,-2.483,1
58,76.9807,1,0,0,0.7538,1
70,30.5205,0,2,0,1.1535,0
58,68.897,1,0,1,-1.1515,1
9,73.5499,0,1,0,-0.8279,1
0,106.9775,3,1,0,-0.5714,1
14,34.694,1,1,1,-0.2478,0
7,59.1402,2,0,1,1.1417,1
20,98.8486,1,2,0,0.0421,1
1,48.9909,1,1,0,0.2302,1
44,68.7836,1,0,0,-0.4013,1
0,105.786,2,2,1,0.4563,1
22,100.2507,0,1,0,-0.165,0
15,47.1189,2,1,0,-1.065,0
42,43.5811,2,1,1,0.3671,1
49,89.6965,3,1,1,0.9923,1
49,54.3725,0,2,0,0.4266,0
2,82.4429,1,0,0,1.0964,1
64,67.0051,2,2,1,-1.7318,0
51,30.4395,0,0,1,0.6842,0
39,45.2646,0,0,1,0.2582,1
21,82.813,0,2,0,-0.8396,0
4,63.2095,0,0,0,1.9845,1
11,52.9518,2,1,0,-0.6852,1
68,75.0356,1,2,1,-2.3618,0
61,83.4023,1,0,0,-0.8674,1
22,25.4774,2,1,0,1.4859,0
16,69.3705,1,2,0,1.1392,0
22,95.2289,0,2,0,0.4206,0
11,96.15,2,1,0,1.3666,1
51,69.1421,0,0,0,1.0088,1
60,61.6968,0,0,1,-0.6457,1
3,120.555,0,1,1,-0.2287,1
33,65.9689,1,2,1,1.6737,0
16,15,0,0,0,0.1755,1
35,105.5126,1,2,0,-0.0002,1
49,55.4551,0,2,1,-0.6012,0
46,82.2515,1,2,1,0.042,0
9,61.6955,3,0,1,0.3467,1
60,78.5305,0,1,0,-0.9046,0
60,34.9963,1,1,0,0.8633,1
64,31.0583,0,2,1,0.6888,0
10,32.8563,3,0,1,-1.1532,1
4,68.6681,0,2,1,-0.8005,1
10,31.5134,3,0,1,-0.0453,1
34,68.2041,0,2,1,-0.3064,0
18,68.6073,0,1,0,-1.3387,1
6,45.5583,1,2,1,-1.1501,0
61,74.6888,0,0,1,-0.4634,0
61,34.1691,1,2,1,0.1018,0
10,56.8569,0,1,1,0.0188,1
33,33.3304,1,0,1,2.4456,0
27,15,5,0,0,0.7357,1
55,95.0393,0,2,1,-2.2035,0
68,36.9523,0,2,0,0.304,0
21,59.9359,0,2,0,0.6871,0
6,60.7427,0,0,0,1.1316,1
47,107.785,0,1,0,2.2729,1
3,68.2438,2,2,0,-1.0189,1
37,118.0779,0,2,1,-0.4303,0
16,58.4207,4,2,0,0.3756,0
26,80.687,1,0,0,-0.2682,1
3,37.4066,3,1,1,0.1764,1
20,51.8787,0,1,1,0.9232,1
46,129.9612,1,1,0,0.0719,1
12,67.3539,3,2,0,0.447,1
49,52.3674,0,0,1,0.7919,0
26,71.4582,1,0,1,1.607,1
44,55.7533,2,0,1,0.6356,0
6,59.2226,0,1,0,0.5713,1
33,117.4714,1,0,0,0.9929,1
41,70.1192,1,2,0,-0.0689,1
25,110.264,0,0,0,-0.2871,1
45,49.9616,1,0,1,0.0905,1
5,15,0,0,1,-0.73,1
33,32.6498,0,0,0,0.55,1
55,42.5391,1,2,1,0.6303,0
10,66.1414,3,1,0,-0.528,1
36,43.6721,0,1,0,1.6221,0
60,54.4376,1,1,1,-1.0548,0
16,66.1903,0,0,1,-0.2569,1
67,28.887,1,1,1,-1.0481,0
51,27.1809,1,2,0,1.4405,0
17,72.0378,0,0,0,-0.6605,1
12,100.7615,3,2,0,1.445,1
55,74.4549,1,1,1,-0.4128,1
58,46.859,1,1,1,-0.2335,0
62,32.1901,3,1,1,1.6316,0
24,68.1069,0,2,0,-0.1444,0
60,75.4449,0,0,0,-1.4076,1
65,47.8657,1,1,1,0.0979,0
67,22.3578,2,2,0,0.0012,0
9,119.8403,2,0,1,0.3346,1
65,61.2227,1,2,0,0.5335,0
68,29.0482,0,2,0,-1.3108,0
59,93.1088,0,1,0,-0.6735,0
6,27.0083,3,0,0,1.032,1
48,87.0177,1,1,1,-0.3401,0
5,52.1954,2,2,1,-0.1826,0
23,76.2332,1,0,1,0.3503,1
55,92.1335,0,1,0,0.6729,0
70,87.9962,1,2,0,-0.0786,1
44,93.7112,0,0,1,-1.8542,1
52,80.3777,0,2,0,-0.2959,0
58,53.9249,1,2,0,-0.1881,0
39,64.4465,2,0,0,-2.5362,1
2,84.9071,1,2,0,-1.086,1
60,75.3218,1,2,1,-0.0305,0
29,47.4662,1,2,0,-2.2185,0
52,69.2121,0,0,1,-1.3472,1
46,48.8151,0,1,0,0.2874,1
23,99.5481,2,2,1,-0.4499,1
10,48.5866,0,1,1,0.7246,1
43,63.5111,0,1,1,0.6282,0
54,48.9492,0,1,0,-0.2148,0
16,63.5731,0,2,1,1.8911,0
24,57.4721,1,1,0,-1.04,1
58,99.154,0,1,0,-2.3813,0
25,126.4543,1,1,1,0.3999,1
39,47.8681,0,2,0,1.1666,0
60,20.5177,1,1,1,-0.2821,0
16,78.5162,0,1,0,-1.5015,1
44,66.0982,1,0,0,0.4304,0
36,61.8411,0,1,1,1.2335,0
13,62.285,3,1,0,-0.5903,1
21,54.0009,0,0,0,1.5258,0
65,61.6665,0,0,1,1.3798,1
1,97.2088,0,0,1,0.4787,1
27,86.8151,1,2,0,0.4977,0
40,43.8685,3,1,1,1.1234,1
68,60.9135,0,2,0,0.817,0
58,24.0133,0,2,1,0.1587,0
7,96.211,2,1,0,-0.5067,0
18,81.165,2,0,0,-0.0013,1
33,76.6564,1,0,1,-0.4116,1
37,26.2582,0,0,0,0.852,0
11,48.0577,0,2,0,-1.0418,1
20,83.4538,2,0,0,1.3999,1
27,101.9105,1,0,0,0.5963,1
30,92.7322,0,1,0,0.2081,1
22,103.1607,1,2,0,0.8649,1
24,44.7228,0,1,1,0.5825,1
45,106.7598,1,2,1,0.0597,1
10,29.2245,2,0,1,-0.0103,1
53,39.575,1,0,0,2.1366,0
48,31.1365,0,0,0,0.734,1
31,87.5408,1,0,1,-1.4414,1
20,102.6076,1,2,0,-2.2043,1
32,70.3075,2,1,1,1.4026,0
8,59.299,1,2,0,0.9957,1
22,86.466,1,1,1,-0.9654,0
70,20.0697,0,0,1,0.9844,0
32,54.0525,1,0,1,0.5911,0
8,36.004,2,2,0,-0.5668,0
34,81.1797,0,1,1,-1.2608,1
42,98.0481,2,0,1,-0.0397,1
70,99.5296,0,0,1,1.0381,0
44,93.7047,3,2,1,-0.4674,0
46,24.9498,0,0,0,1.4167,1
66,71.4582,1,2,1,-1.1573,0
30,95.1422,2,2,0,0.3724,1
5,80.4756,0,1,1,-0.2533,1
1,36.9925,0,2,0,-0.8003,0
22,49.5094,0,2,1,-1.0638,0
0,82.985,2,0,1,-0.8862,1
47,92.4766,3,0,0,0.0037,1
6,37.5108,2,2,1,0.038,0
59,50.2397,1,0,0,-0.1184,1
32,86.5673,1,2,0,-0.4187,0
24,51.3269,0,2,1,0.845,0
30,100.6191,3,1,1,-0.6848,1
1,83.5606,3,2,1,-0.7738,1
13,78.0393,0,2,0,0.4367,1
14,75.5643,0,0,1,1.7092,0
13,43.3616,1,2,1,-1.6392,1
22,42.8729,2,2,1,-1.5089,0
27,58.7753,1,0,0,1.9548,1
30,59.4439,2,0,0,-0.4971,1
33,103.9575,1,0,0,1.4416,1
48,61.7811,0,1,0,0.3143,0
10,70.0559,1,1,0,1.597,1
12,59.2466,3,1,1,-2.14,1
24,62.1049,2,0,1,-0.0507,0
25,47.1474,2,1,1,0.76,1
47,57.1089,0,2,1,-0.6656,0
30,18.342,0,1,1,-0.4008,0
4,47.7783,0,2,0,0.1338,1
35,75.2139,1,2,0,0.0062,0
62,64.5554,1,0,0,0.5314,1
19,28.3183,0,2,0,-1.1544,0
15,50.7587,1,2,0,-2.2468,0
51,71.8105,1,0,1,1.6361,1
15,75.1567,1,2,1,-1.2915,0
24,67.1265,2,1,1,-0.2409,1
25,81.07,2,2,1,-0.5477,0
38,97.6737,1,1,0,0.5348,0
30,59.301,2,1,1,-0.4421,1
0,57.045,1,2,1,-1.4947,0
66,76.0185,1,1,0,-0.5427,1
65,65.1187,2,2,1,-1.4113,1
18,100.655,2,1,0,1.4862,1
36,52.5532,0,2,1,-1.3308,1
42,69.5514,0,1,1,1.3146,0
41,48.4556,1,2,1,-1.2486,0
65,86.7622,0,0,0,-0.5901,0
16,84.7279,1,0,0,-1.2764,0
35,77.1618,0,2,1,0.8523,1
24,26.9401,0,2,1,-0.3302,0
16,78.058,1,2,0,-1.3436,1
19,48.2621,0,0,1,-1.1788,1
61,76.7275,3,2,1,0.2924,0
7,78.5552,2,2,0,0.7831,0
60,71.579,2,2,1,0.1002,0
54,62.0379,1,0,0,2.1836,1
38,100.7751,1,1,1,-0.9066,0
39,53.1187,0,1,0,1.233,0
43,54.4433,3,0,1,0.6179,0
58,80.4683,0,2,0,1.1365,0
27,93.5733,2,1,1,0.8044,0
10,92.2155,0,2,0,-0.6493,1
67,90.7605,1,1,1,-0.1893,1
66,42.6183,1,1,1,0.9326,0
0,66.4883,3,1,0,0.9765,1
28,56.9467,1,0,0,0.5157,1
8,76.7901,2,0,1,1.0141,1
44,100.7932,1,0,0,0.73,1
17,54.2267,0,1,1,-1.7739,0
11,64.8111,0,1,1,-0.0689,1
3,72.874,1,1,0,-1.2054,1
49,69.9626,0,1,0,-0.4317,0
46,26.1048,2,1,1,1.6929,0
64,56.3351,0,2,0,-0.287,0
8,72.1854,2,1,0,-2.3489,1
60,72.1297,6,0,0,0.3392,1
40,76.0965,0,0,1,-1.1429,1
58,55.8819,4,2,0,0.1995,0
38,66.7676,1,0,0,0.8864,1
46,81.1785,1,1,0,1.5311,0
59,65.2746,2,0,1,1.1821,0
17,89.6647,1,1,1,-0.9224,1
69,126.7762,1,2,1,-1.4618,0
21,80.6863,0,0,0,0.86,1
61,96.5656,1,0,0,-0.2497,1
39,18.6299,2,1,1,-1.4358,0
52,45.7569,0,0,0,-1.6261,0
32,36.1846,1,0,1,0.8763,1
16,83.8245,2,1,0,0.2141,1
54,44.2781,1,1,1,0.8632,0
2,53.7253,0,1,0,-2.2724,1
19,81.218,0,1,1,0.3775,1
47,94.2981,1,1,0,0.2753,0
20,83.492,1,2,1,-0.4081,1
43,39.4838,2,0,0,1.1639,1
15,65.8515,1,0,1,-0.1979,1
11,34.7112,0,1,0,0.6641,0
71,54.8762,1,2,0,0.3144,0
19,62.2571,1,0,0,0.6065,1
66,65.9078,0,1,0,-0.0073,0
62,98.3962,2,0,0,1.2808,1
2,68.6115,5,1,1,-0.0664,1
26,45.2068,0,1,0,-0.9978,0
70,116.5719,0,0,1,-1.6584,0
65,30.1361,0,0,0,1.2296,1
19,80.1572,2,2,0,1.2418,1
1,90.2431,1,2,1,-2.0713,1
52,60.6323,0,0,0,1.7336,1
48,77.6879,0,2,1,0.9261,0
64,49.577,1,0,0,-1.7532,1
52,80.2582,2,1,0,-0.7234,1
61,83.3658,2,1,0,-1.0647,0
6,114.7793,3,2,0,0.1433,1
16,64.9685,1,2,1,1.1809,1
5,114.596,2,0,0,0.3406,1
8,91.4391,0,1,0,0.5209,1
68,77.546,1,0,1,-0.5229,0
64,49.2454,0,2,0,-0.3998,0
59,69.64,2,0,1,0.2177,0
67,27.5407,1,1,0,-1.9424,0
64,108.3796,1,1,1,-0.133,0
42,58.001,1,1,1,2.5627,0
42,70.9012,1,1,1,-1.7177,1
68,109.961,0,1,1,0.1106,0
4,71.7137,1,1,1,0.7249,1
52,73.9826,1,1,0,-0.8936,1
67,57.6959,1,0,1,0.6672,0
51,113.9558,1,0,0,1.2862,1
59,65.3388,3,2,0,0.2084,0
46,67.5327,1,1,0,0.7737,0
56,103.8202,0,1,1,-0.2302,0
70,15,1,0,1,-0.1123,0
17,73.733,1,2,0,-0.013,0
25,71.5357,2,1,0,-1.0406,1
10,88.5633,2,1,1,-0.4678,1
0,76.9278,2,0,0,0.9089,1
28,85.9728,0,1,1,0.5335,1
50,57.8392,2,1,0,0.6393,0
10,92.8399,0,2,1,1.0529,0
47,68.0877,1,2,1,0.2427,0
26,90.6797,2,0,0,0.2681,1
34,70.3733,2,2,1,1.8493,0
34,78.7166,0,2,1,0.3849,0
65,99.1882,0,2,0,2.1353,0
48,72.3654,4,1,1,-0.7755,0
7,69.6183,2,1,0,-0.4587,1
41,47.0923,2,2,1,-0.7672,0
13,68.4631,0,2,1,0.7351,0
27,62.4798,2,0,0,-0.1934,1
22,116.6589,2,2,0,-0.3099,0
58,82.8197,1,0,1,-0.3043,0
18,54.9647,2,2,0,-1.5904,0
62,100.7182,0,0,0,-0.1895,0
28,42.2254,0,0,1,2.3292,1
22,58.4023,0,1,0,-0.0001,1
63,52.916,1,2,0,-0.4268,0
8,124.8667,0,0,1,0.9453,1
25,85.6782,2,1,1,1.0997,1
13,83.0979,3,1,1,0.2692,1
60,59.7355,1,0,0,-0.1914,1
27,44.4929,0,1,1,1.6259,1
68,76.6446,2,1,1,0.0868,0
24,46.3091,1,1,0,-0.5337,1
27,61.0202,0,0,1,-0.4188,1
68,71.8254,0,1,1,-0.4676,0
57,66.7006,2,2,1,0.6799,0
65,101.5806,3,1,1,1.0227,0
32,84.3322,1,2,0,-0.7512,0
50,53.5531,2,1,0,0.382,0
34,87.0919,0,1,0,-0.8285,0
26,89.5535,1,1,1,0.4329,0
38,51.3583,0,2,1,1.2591,0
55,103.2488,1,2,0,1.5057,0
29,98.4197,0,1,0,0.5258,1
68,100.1324,3,0,0,0.0582,1
50,59.5545,0,1,1,1.4894,0
44,64.2752,2,2,1,-0.2138,1
21,128.5605,1,0,0,-0.676,1
26,89.242,0,0,0,0.6458,0
37,62.0992,0,1,1,-1.784,1
23,55.7009,0,1,0,-1.028,0
24,58.6562,0,1,1,0.2981,1
2,98.4505,2,2,0,-0.3873,1
15,66.1525,2,1,0,-2.7071,1
45,56.7032,1,1,0,-0.9181,0
69,25.3639,0,2,0,0.8825,0
58,59.3939,1,0,1,-1.0136,0
1,66.0115,4,0,0,0.4173,1
44,53.9699,1,1,0,-0.5504,0
24,41.0504,1,0,0,-1.3526,1
70,111.6389,2,0,0,-0.4419,1
66,56.3341,1,2,0,-1.2818,0
1,48.5009,0,0,0,0.2667,1
39,63.4754,1,2,0,-0.6056,0
19,113.211,0,0,1,-0.0052,1
27,60.4055,0,1,1,0.4568,1
29,19.713,2,1,0,-0.9486,0
55,105.1025,1,0,1,0.0504,0
68,82.8055,0,0,1,0.0391,0
28,76.1019,0,1,1,0.2094,1
47,71.1179,1,0,1,-1.2202,1
1,27.4878,0,1,0,-0.669,1
6,40.8496,0,2,0,-0.5822,0
10,29.9006,1,0,1,1.9115,1
24,93.648,2,0,0,0.8101,1
20,75.0301,0,2,0,2.6231,1
54,47.8028,1,2,0,0.7075,0
5,60.5113,3,2,1,-0.7423,1
52,83.2536,1,0,1,0.8006,1
63,94.1149,1,1,1,-2.1444,0
51,107.5063,0,1,1,-0.555,1
11,58.4548,3,0,0,-1.4009,1
16,78.2189,0,2,1,0.3371,1
24,127.1102,2,2,1,-2.0513,1
30,126.3248,0,0,0,0.0755,1
39,31.7507,0,2,0,1.3897,1
40,75.4585,2,2,1,0.9284,0
52,53.587,1,0,1,2.5235,0
23,73.9642,0,0,0,0.0714,1
45,87.6409,0,2,0,0.3329,1
42,49.2432,0,2,0,0.0279,0
39,78.0418,3,0,1,-0.6828,1
28,24.3077,2,0,1,1.8154,1
46,71.9635,2,2,1,-0.2205,1
66,78.5497,2,1,0,-0.2549,1
50,74.8686,0,1,1,0.4597,0
60,76.5042,3,1,1,1.1297,0
38,112.5972,1,0,1,0.1584,1
49,71.9192,0,0,0,-2.1387,1
42,34.5114,2,0,1,0.5864,1
45,48.9214,0,0,0,-0.0703,0
12,81.48,0,2,0,0.1038,0
51,98.2285,0,0,0,-0.2175,1
6,77.699,0,2,0,1.0836,1
50,57.9928,0,0,1,-0.9153,0
40,58.932,0,2,1,-0.8427,0
28,64.6755,2,1,1,-1.1688,0
59,62.9843,1,1,0,-1.2464,0
61,50.9551,0,1,0,1.0363,0
52,95.9102,0,2,0,1.7925,0
67,47.6687,0,0,0,0.1651,1
21,99.8316,1,1,0,0.5104,1
15,71.5868,3,0,0,0.9857,1
60,79.8318,3,2,1,0.4037,0
50,85.2088,0,2,1,-0.5575,0
12,53.9987,0,2,1,-0.9715,1
65,34.8076,1,1,1,-1.0876,0
65,72.6484,0,0,0,0.7538,0
25,58.2148,2,2,0,1.5135,1
17,75.1749,0,2,0,-1.0103,1
10,60.6462,0,0,0,-0.4072,1
43,78.4325,2,0,0,0.2582,0
24,68.8124,0,0,0,-0.442,1
64,52.8374,0,0,0,1.3128,0
50,103.3823,2,0,1,0.1556,1
51,53.5879,2,2,0,-1.8901,0
6,79.362,1,1,0,0.5887,0
0,104.0557,1,2,0,0.8973,1
4,112.452,0,1,0,0.4792,0
69,89.4853,4,1,1,0.5351,0
0,78.189,1,2,0,-0.2736,1
14,65.302,1,0,1,-1.707,1
50,68.9047,1,0,1,-0.0123,1
5,59.2323,1,1,0,0.8525,1
46,71.4111,2,0,1,-0.8657,0
69,15,2,2,0,1.8165,0
44,59.3558,1,2,1,1.9679,0
25,66.3522,1,2,0,-0.7643,0
43,115.1785,0,2,1,0.0593,0
17,42.2117,2,0,0,-1.0903,1
20,104.4255,2,1,0,-0.089,0
9,71.8534,1,2,0,0.5291,1
38,64.3684,1,1,0,0.0859,1
37,60.4547,1,1,1,-0.7531,1
6,87.7643,1,2,1,2.0291,1
67,23.9888,0,1,0,-0.1816,0
6,28.4662,1,1,1,-0.4804,1
49,70.2486,3,0,0,0.3169,1
27,79.714,2,0,1,0.5495,1
55,85.2249,0,2,1,2.5972,0
63,44.3894,0,2,0,2.0242,0
23,30.9624,5,1,1,0.9623,1
49,64.7429,3,1,0,-0.0821,1
27,28.9609,0,1,0,-2.8313,0
6,114.9593,0,0,0,0.2126,1
58,86.427,2,2,1,-0.7927,0
33,38.8859,3,1,0,-0.3895,1
35,84.9858,1,1,1,0.4605,0
36,35.5167,0,2,0,-0.2837,0
58,62.3679,2,2,0,1.4553,0
40,71.1963,2,0,1,-0.1944,1
71,73.8082,0,1,1,-0.2899,1
70,55.8544,3,2,1,0.9973,0
23,157.6241,0,2,1,-0.4668,1
41,58.1172,2,0,1,-0.2698,0
57,86.2856,1,2,0,0.4699,0
67,95.3655,0,2,1,1.6399,0
11,59.0636,1,2,0,0.1498,0
57,41.9442,1,0,1,-0.9478,0
59,64.4481,1,0,0,-0.2193,1
33,46.4804,0,2,0,-1.4223,0
3,60.4335,0,1,0,-1.259,1
43,85.2365,2,2,0,-1.1467,1
63,81.8365,1,0,1,-0.3896,1
68,57.837,2,1,1,0.6495,0
37,67.1021,0,1,0,0.92,0
64,75.568,4,1,0,-0.3291,1
70,62.6735,0,0,0,-0.9523,1
29,15,2,2,1,-1.2735,0
39,75.4216,1,1,0,-0.2832,0
41,36.3016,0,0,0,0.0677,1
35,70.9778,2,1,1,0.4398,0
1,56.2158,0,1,1,-0.9747,1
55,92.4728,1,1,1,0.8506,1
4,53.0607,1,2,0,1.3842,1
1,60.8491,0,0,1,2.1293,1
16,119.0523,0,1,1,-0.6166,1
22,53.6746,0,0,1,1.052,1
65,65.5242,0,2,0,1.8876,0
62,47.1972,0,2,1,0.8905,0
70,116.4241,2,2,0,1.1661,0
30,61.5833,0,2,1,2.5467,0
0,67.6483,3,1,1,-0.0235,1
63,87.7032,0,2,0,0.3502,0
10,73.046,1,2,0,0.8462,0
10,65.5974,1,1,1,-2.8089,1
9,72.5305,0,1,1,0.5077,1
16,78.1183,2,2,1,-0.386,1
5,84.8453,1,2,0,-0.483,0
55,84.0909,0,0,1,1.8884,0
11,64.3721,1,1,0,1.0519,1
59,78.2569,2,2,0,-0.9066,0
10,93.6188,0,0,1,2.7688,1
2,70.5936,1,2,0,-0.1694,1
1,129.6206,1,1,0,0.3702,1
9,21.803,0,0,1,0.5827,1
23,51.6439,2,0,1,3.5666,1
13,37.0435,2,1,1,0.2139,1
13,41.2611,2,1,1,-0.5367,1
15,71.5071,2,0,0,1.3257,1
38,76.3854,1,1,1,-1.1884,0
67,86.4022,1,1,1,0.57,0
20,85.0669,1,2,0,-0.6329,1
70,66.0056,2,1,1,0.1382,0
38,39.0016,0,1,1,-0.1409,0
2,48.5814,1,2,1,0.2745,1
1,30.6238,1,2,1,0.2831,0
43,58.3257,0,1,1,-0.5472,0
60,42.8113,1,0,1,-0.8462,0
24,68.5443,1,0,0,-0.3381,1
13,68.7811,1,2,0,0.7616,1
8,103.0033,1,1,1,1.1214,0
68,112.0658,0,0,1,-0.7147,0
56,70.239,0,0,1,1.3279,0
57,104.3073,0,2,0,0.8198,0
12,82.135,2,0,0,2.39,1
66,36.8541,2,0,0,-0.6091,0
11,92.3056,2,0,0,0.7944,1
13,57.4707,1,0,1,-0.0788,1
33,47.0846,0,0,1,-0.3949,0
33,28.7835,1,0,1,0.512,1
21,95.5326,0,1,0,0.6951,1
59,56.894,1,0,1,-0.5135,0
28,57.0029,1,0,1,1.7225,1
4,57.4191,3,0,0,0.1307,1
53,65.0623,1,1,1,0.1171,0
53,64.9426,1,2,0,2.103,0
36,97.9948,0,2,1,0.3222,0
68,91.8474,1,2,1,-0.0014,0
58,51.5732,0,2,1,0.6962,0
1,124.5452,1,2,0,-1.0509,1
63,16.5331,2,0,0,-0.8206,1
4,96.0803,2,2,1,0.4455,0
16,65.1103,0,2,1,0.1953,0
61,54.8575,2,1,1,-0.0721,0
18,92.861,0,0,0,1.1378,1
46,63.2987,3,1,1,-0.7159,1
45,83.8694,1,1,1,0.6934,0
26,32.7317,1,0,0,0.2694,1
67,41.2924,0,2,1,0.7805,0
29,110.1567,2,0,1,0.8881,1
18,70.5782,0,1,1,1.9044,1
14,81.5153,1,1,1,-0.2452,1
63,66.4743,1,2,0,-0.6586,0
6,44.5312,0,0,0,1.178,1
16,97.2615,2,1,1,1.2105,1
21,115.7704,0,0,1,0.2436,1
49,81.2185,0,0,0,1.2773,1
59,75.0943,0,2,0,-1.4241,0
31,86.6126,2,0,1,1.2975,1
9,24.403,2,2,0,-0.9924,1
36,52.2397,2,0,1,-0.0558,1
13,87.1252,2,2,1,0.3038,0
34,76.8269,3,1,0,-0.4553,1
57,71.1764,2,1,1,0.6126,0
43,36.3515,1,0,1,-0.1388,0
69,39.4757,0,2,0,-1.1439,0
63,80.9578,0,2,1,0.9171,0
7,15,0,0,1,-0.4061,1
16,37.1378,1,1,1,-0.6486,1
10,81.3914,0,1,1,1.1434,1
47,86.8786,3,1,1,-0.9423,1
10,29.4347,0,2,1,-0.1908,1
31,40.4517,0,2,0,-0.2223,0
57,98.7079,1,2,1,-0.0932,0
42,67.8608,0,1,0,0.6217,0
12,51.8446,4,2,0,0.5774,1
11,130.3723,3,1,0,0.2802,1
32,120.8256,1,2,1,1.6758,0
0,47.004,0,0,0,-1.2505,1
15,62.4205,1,2,0,0.3066,1
26,60.6994,1,0,0,0.5555,1
64,59.7204,3,0,0,-1.5669,1
45,97.1549,2,1,0,-0.2289,1
20,61.2861,3,1,0,-0.3189,0
5,29.1622,3,0,0,0.8526,1
55,112.3399,1,0,0,-0.342,1
25,87.6186,1,0,1,-2.2997,1
21,66.269,0,2,0,-0.0073,1
64,15,1,1,1,-0.2316,0
54,84.3676,1,2,0,-0.3496,0
16,38.9889,1,2,0,0.1947,0
59,68.3539,1,2,0,-0.9131,0
57,77.2451,1,2,1,0.4166,1
18,44.7725,2,1,1,-1.3932,1
35,82.2919,1,0,1,-1.3743,1
4,101.1083,2,1,0,0.9624,1
10,49.7294,0,1,0,-0.0161,1
18,91.0841,2,2,0,0.7268,1
30,101.5196,1,1,0,-1.7664,0
39,37.999,0,0,0,-0.7013,1
5,15,1,1,1,1.3771,1
69,80.298,0,1,0,1.0995,0
12,112.9205,4,0,0,0.8274,1
32,65.4945,1,0,1,-0.243,1
5,64.1659,5,2,1,0.5574,1
46,81.1901,1,0,0,-0.4423,1
37,81.3517,0,2,0,-0.8358,0
2,71.225,0,0,0,-0.7441,1
50,78.085,0,2,0,1.3575,0
8,52.0601,1,1,0,-0.0231,1
60,56.7855,0,1,0,0.6938,0
51,51.5276,0,0,0,-0.5576,0
58,18.2559,1,1,1,-0.9716,0
43,44.3653,2,2,1,-0.8717,0
8,52.6949,0,1,1,0.7577,0
21,61.9279,1,0,1,1.31,1
61,62.665,0,1,1,0.5577,0
17,91.8541,0,0,0,2.4017,1
18,109.973,1,1,0,-0.592,1
69,64.5109,0,1,1,-1.2394,0
71,73.1685,1,1,1,0.5776,0
22,41.2338,1,2,0,0.4379,1
52,47.0063,2,1,0,1.1671,0
59,63.6717,0,2,0,-1.3564,0
56,96.4079,0,1,0,-0.1727,0
68,59.2206,2,0,0,0.2871,0
48,112.9851,3,1,0,0.483,1
52,61.6957,2,2,0,-0.561,0
11,55.577,2,0,1,0.7632,0
58,38.1493,0,1,0,1.0857,0
18,68.6953,0,1,0,0.2862,1
3,88.4977,0,2,1,-1.2657,1
3,80.39,3,2,1,2.0329,1
19,69.9471,0,2,0,0.2464,0
17,18.0055,1,0,1,-0.4223,1
69,64.1793,2,1,1,-0.8303,0
30,93.542,1,2,1,-0.3138,0
27,52.3626,1,2,0,1.9693,1
13,108.4764,1,1,0,0.4751,0
2,78.882,1,0,1,-0.0494,1
59,69.1496,2,0,0,-1.0063,1
28,87.1602,0,1,0,-0.9327,0
5,64.4715,1,0,1,0.1521,1
10,102.5008,0,2,1,0.5016,0
40,93.9053,0,1,0,0.4936,0
33,29.4124,1,0,0,-0.9595,0
38,31.6938,3,1,0,1.9549,0
58,93.5333,0,0,1,0.2294,0
21,74.03,0,2,1,1.4141,0
32,56.1243,0,2,1,-0.3063,0
60,110.9697,1,1,1,0.7992,0
17,89.6135,0,0,0,-0.4062,1
9,51.5847,2,2,1,1.5937,1
45,37.4144,0,2,1,-0.5589,0
58,82.2624,2,1,1,-0.9563,0
62,20.5557,1,1,0,-1.0035,0
36,78.469,3,1,0,0.5346,1
13,77.935,2,2,0,2.166,0
60,75.8671,0,2,0,0.1275,0
69,33.6397,0,2,0,1.1078,0
59,69.942,1,2,1,-0.0287,0
38,83.4821,0,1,0,0.042,0
11,95.1352,3,2,1,-1.9827,1
20,78.3108,1,2,0,-0.447,0
0,80.4476,0,1,1,1.069,1
40,51.1932,3,2,1,1.0849,0
2,66.0655,2,0,0,-0.2604,1
5,85.4807,1,1,0,0.0906,0
35,84.1857,2,0,0,0.0519,1
56,67.2051,1,1,0,0.1408,0
54,15,1,2,0,-0.9625,0
49,30.5878,1,0,1,-0.278,0
4,61.8526,0,2,0,0.6066,1
24,94.1839,3,1,0,1.6372,0
37,69.6431,0,2,0,-0.2036,0
34,28.3453,2,0,0,0.6435,0
19,50.0139,0,0,0,0.2956,1
62,60.0568,1,2,1,1.3809,0
28,92.3082,0,2,0,0.5835,0
46,108.4323,0,1,0,-0.4331,0
62,81.3118,0,1,1,0.1955,0
36,67.7346,0,2,1,0.6619,0
7,117.4463,3,0,0,-0.4143,1
13,107.0158,0,1,0,-0.9503,0
69,46.2862,2,2,0,-1.049,0
52,42.785,2,0,0,-0.2632,0
61,62.2008,3,0,1,-1.6576,0
58,97.6466,0,0,1,-0.0723,0
53,57.2792,1,0,1,0.3118,1
41,71.6332,1,0,0,-0.4122,1
59,56.5299,0,2,1,0.1119,0
19,71.5558,3,0,1,0.99,1
10,51.5767,2,1,1,-1.5712,1
15,43.6337,2,1,0,1.002,1
68,34.4619,3,1,0,0.3033,0
68,88.0519,3,1,1,1.2405,0
6,107.7981,1,2,1,-2.5269,1
3,57.4662,1,2,0,0.7909,0
14,74.3451,0,0,0,0.0109,1
27,88.602,0,1,1,-0.3047,0
8,46.169,1,0,1,1.9974,1
49,106.3338,0,0,1,-0.2536,0
69,37.5184,1,1,0,-1.382,0
4,19.2371,0,0,0,-0.908,1
30,91.2555,0,1,0,-0.4598,0
68,82.9206,3,1,1,2.3181,0
49,26.7725,1,2,0,-1.1409,0
39,104.2052,2,1,0,-0.1005,1
24,72.6338,2,0,1,1.4527,1
60,60.2957,2,2,1,-0.4404,0
56,86.0218,3,2,1,-0.5909,0
68,15,2,0,1,-0.6581,1
63,66.7237,2,2,1,-1.5633,0
39,46.2304,2,0,1,-0.854,0
64,39.8188,1,0,0,0.5216,0
32,49.0362,1,0,1,1.59,0
71,54.3148,1,2,1,1.1488,0
0,65.8536,2,0,1,0.5522,1
40,107.5511,0,1,1,0.9265,1
1,51.0344,1,1,1,0.1942,1
10,109.8936,1,2,1,-1.7115,1
5,61.706,1,1,0,-1.6773,1
24,23.3631,1,1,0,1.2213,1
39,58.9173,0,0,0,-1.2541,0
43,84.6701,2,1,0,-0.251,1
8,104.3703,1,0,1,-0.9864,1
47,56.6955,0,0,0,-1.0396,0
36,52.1972,2,2,0,-0.265,1
9,64.8455,1,2,1,0.9762,0
43,89.5147,1,2,1,-0.941,1
16,74.4913,2,1,1,0.3713,0
14,93.2656,2,0,1,-1.9359,1
57,30.272,2,2,1,2.1539,0
9,90.8693,1,1,1,-0.522,1
56,81.6695,1,1,1,-2.0269,1
70,31.7043,2,2,1,0.079,0
39,54.2667,0,0,0,0.4793,1
33,63.8379,0,0,0,-1.6278,1
66,90.0952,1,2,0,0.9084,0
32,53.0298,2,0,0,-1.0236,1
69,85.8768,0,2,1,-0.2306,0
4,51.6091,0,0,1,0.9159,1
48,90.3645,1,1,0,-0.4933,1
12,53.9882,1,1,1,0.0555,0
66,84.9217,2,0,1,-0.0822,0
38,22.2565,4,1,0,-0.6019,0
37,95.7219,5,2,0,0.8148,0
63,42.2209,1,2,1,1.3422,0
10,57.0692,2,1,0,-0.2954,1
5,48.5204,0,1,0,1.577,1
24,65.2208,1,0,1,-0.6801,1
31,81.5591,0,2,1,-0.3718,0
22,41.088,1,2,1,0.041,0
53,66.0823,1,0,0,-2.1693,0
58,90.8528,1,2,1,-0.5363,0
14,61.9263,0,1,0,-0.4406,1
36,95.3148,4,1,0,-1.6817,0
44,98.4056,0,2,1,-0.4512,0
49,63.4491,0,0,1,-0.9501,0
63,67.8422,2,1,0,-1.3319,0
50,24.0217,3,1,0,-0.8256,0
36,46.0746,2,1,1,-2.0972,0
33,81.4264,1,0,0,-0.5159,1
38,39.933,1,1,0,0.4717,0
7,61.7312,3,1,0,0.8535,1
28,54.6708,2,0,0,0.6261,1
20,15,0,0,0,-1.1131,1
36,47.7854,0,2,1,-2.1565,0
39,79.1974,2,1,1,-1.6988,0
59,78.7907,4,0,1,-0.4158,0
7,59.3203,0,0,1,-1.2586,1
32,39.8626,0,2,1,0.5308,1
8,47.2648,0,1,1,-0.2323,1
7,107.0662,2,1,1,0.1837,1
10,87.5647,4,2,1,-1.7135,1
52,71.5128,1,1,0,-1.0518,1
36,94.8995,3,0,1,0.3339,1
68,45.2819,0,2,1,-1.091,0
7,57.0658,1,0,0,1.9989,1
39,67.1275,1,0,0,-0.0592,1
0,87.046,4,1,1,1.1823,1
56,92.0229,1,1,1,-0.8109,1
40,43.1113,2,1,1,0.8499,1
41,80.3496,1,1,0,0.0401,1
15,77.8321,2,1,1,-2.3068,1
63,93.9499,1,2,1,0.2693,1
10,92.7264,0,1,1,1.1956,1
70,35.8388,0,0,1,-0.7619,0
50,69.6348,0,1,0,1.7253,0
34,67.2113,1,2,1,-1.5586,0
31,83.2221,3,2,0,1.2788,1
32,50.8168,0,2,1,1.0945,0
50,101.7651,1,0,1,-0.3226,0
61,64.5,1,2,1,0.8557,0
22,119.2639,0,1,0,0.2105,0
9,82.2622,0,2,1,0.1196,1
71,77.2556,0,1,1,0.3097,0
44,50.4304,3,1,1,0.0505,0
62,81.9048,2,0,0,-2.0373,0
18,57.7085,1,1,0,-0.335,1
2,38.1716,2,0,0,0.6262,1
33,105.5094,1,0,0,-1.0024,1
49,86.0845,1,0,0,1.2753,1
55,53.7819,1,2,0,0.1286,0
18,46.5908,2,2,1,1.0768,0
3,78.3337,2,2,0,-1.2418,1
22,63.4522,0,2,1,-0.3417,1
18,93.3837,1,2,1,2.5216,0
64,18.2976,1,1,1,0.4758,0
58,37.1087,1,0,1,-0.0584,0
41,75.2524,1,1,1,-0.8345,0
36,45.7028,0,1,1,-0.0216,0
0,41.4274,0,1,1,-0.2039,1
67,83.7064,0,2,0,-2.3767,1
9,85.4752,0,2,0,-0.4923,0
2,35.1213,0,1,1,-0.8572,1
63,87.102,1,0,0,-0.1691,0
64,82.1215,1,1,0,-0.729,0
60,102.4513,1,0,0,-2.9044,1
13,61.7971,0,1,0,-0.6549,1
45,65.9253,2,2,1,0.1221,0
26,50.9316,1,2,0,-1.4103,0
23,103.8179,0,2,0,-1.4696,0
5,51.242,0,2,0,1.9905,1
42,52.389,0,2,1,0.0432,0
39,102.3117,2,1,1,-1.0037,1
24,52.4556,1,0,1,0.9842,1
45,88.1068,0,2,1,-1.8369,0
12,75.4002,3,0,0,0.3376,1
15,106.3788,1,1,0,-0.2321,1
63,63.1033,3,2,1,1.0106,0
51,24.2192,1,0,0,2.7042,0
45,41.8661,1,2,1,-0.7995,0
64,60.6357,1,1,1,0.5672,0
25,62.7555,1,0,0,-0.9968,1
21,25.0861,1,2,1,0.3695,0
51,60.2851,0,0,1,0.1849,0
61,86.2192,2,2,0,-0.1829,0
59,61.9404,0,1,0,0.9749,0
2,93.1782,2,2,0,-0.4476,1
12,58.2765,0,1,0,0.6167,1
53,46.588,1,2,1,0.1761,1
55,91.8679,1,0,1,0.447,1
37,64.3547,2,0,1,0.1632,1
67,52.2285,1,1,1,-0.4493,0
64,20.9245,0,2,0,1.434,0
25,58.1879,1,0,1,-0.3981,1
45,73.1096,1,0,0,0.2205,1
3,69.3842,0,2,0,2.2805,1
48,63.3885,1,2,1,0.9837,0
38,49.476,2,1,0,1.7651,1
7,102.065,4,1,0,-1.2218,1
35,80.6679,0,0,0,-0.6993,1
39,66.8675,1,1,1,1.1922,1
7,38.1146,1,2,1,-0.4599,1
33,61.9316,1,2,0,-0.5493,0
10,65.8441,1,0,1,0.0658,1
59,62.3641,3,0,0,1.5989,1
69,54.0148,2,2,1,-0.2511,0
71,96.3182,1,0,1,-0.3975,1
27,41.7176,0,1,1,-2.2479,0
5,37.7059,0,1,1,-0.8991,1
24,22.3799,1,0,0,-1.3102,1
23,50.6312,1,2,1,0.7499,0
25,74.2996,3,1,1,0.8861,1
32,68.9474,0,1,1,1.0546,0
6,68.0213,3,1,0,-0.7043,0
68,45.4315,1,1,1,-0.9618,0
71,60.8229,1,2,0,0.1174,0
61,65.7703,2,0,0,1.4912,0
46,69.8878,0,1,1,0.6838,0
31,92.8286,0,1,0,0.0917,0
57,41.2643,2,1,1,-1.9237,0
14,89.39,2,0,0,-0.9522,1
69,27.5247,0,1,0,0.2129,0
42,46.9856,1,2,0,-1.4856,0
17,89.4506,2,0,0,1.6448,0
20,39.6181,2,1,1,1.2213,0
59,65.4877,1,2,0,0.3912,0
18,73.3469,1,1,0,1.9895,1
66,90.7838,1,0,1,1.2264,1
10,46.114,1,2,1,-0.9914,0
21,95.6579,0,2,0,1.2231,0
25,96.9343,1,0,0,0.524,1
66,78.3277,1,0,1,0.0406,1
2,63.6895,1,0,1,-0.7673,1
9,32.7847,0,0,0,-0.22,1
24,41.2451,1,0,1,1.0931,1
23,42.7802,2,2,1,-1.0553,0
12,69.5771,1,1,0,-0.7209,1
69,120.0249,2,1,0,0.6537,0
33,30.9194,0,2,1,0.3557,0
26,48.8468,1,2,1,-0.7422,0
47,26.2339,1,1,0,1.0354,1
65,81.6146,1,2,1,-0.9525,0
25,88.4775,1,1,0,0.3025,1
22,94.6578,1,1,1,1.0488,1
60,68.9232,2,0,0,-0.8143,0
56,88.6242,1,1,0,-1.1104,1
18,64.394,3,2,1,0.535,1
19,116.5436,0,2,0,0.2823,0
13,132.4565,1,1,1,1.1769,1
2,53.1623,1,2,0,0.4874,1
24,59.3074,0,0,1,0.0438,0
11,76.234,1,1,1,0.3565,1
53,79.8919,1,1,1,0.3421,0
51,21.6535,0,1,1,0.2717,0
3,72.1633,2,1,1,0.0235,1
68,64.571,3,2,1,1.3853,0
61,54.9246,2,2,0,1.038,0
61,61.8372,1,0,0,0.7604,0
70,56.8387,1,0,0,-1.1307,1
71,44.6404,1,0,0,-0.1972,0
28,79.6717,2,0,1,2.2574,1
3,64.7016,2,2,1,0.827,1
14,64.2264,2,1,0,-0.327,1
38,88.961,2,0,1,-0.3506,0
14,54.4489,0,0,0,0.9795,0
14,81.5346,1,0,0,0.3652,1
15,15,1,1,1,0.5582,0
9,25.9061,1,0,0,-0.8692,1
46,51.2838,1,0,1,1.0448,1
42,90.1737,3,2,0,-0.5199,1
67,95.7432,0,0,0,0.499,0
69,38.9942,3,0,1,-0.4653,1
35,38.956,2,1,1,-0.5837,0
68,68.1695,1,0,0,0.5094,0
18,79.0883,1,2,1,-2.6344,0
7,79.4451,1,0,1,1.6019,1
47,87.4798,2,1,1,2.1697,1
34,50.7053,1,1,1,0.0412,1
25,40.2272,2,0,1,1.0494,1
54,98.1016,1,0,1,0.7227,1
14,37.338,2,0,1,1.3823,1
31,70.9762,0,2,1,-1.0526,0
7,51.928,0,1,0,-0.4027,1
44,55.1701,1,0,1,0.464,1
7,55.8143,2,0,0,-0.6985,1
17,17.8973,1,0,0,-0.5664,1
2,69.4975,1,0,1,-0.5171,1
19,77.2269,0,0,1,-0.8633,1
37,29.2935,0,0,0,-0.4489,1
48,113.3347,3,2,1,-2.2797,0
67,86.9558,0,2,0,-1.4397,0
39,86.1528,2,0,1,-0.3723,1
15,29.0568,0,1,0,-0.8369,1
48,31.8967,1,0,1,2.8471,0
57,82.7514,1,1,1,1.2277,0
43,51.2521,2,0,0,-0.8734,0
3,75.2942,0,0,1,0.8605,1
19,60.0212,0,0,0,0.8579,1
17,85.1942,4,0,1,-0.2443,1
34,74.2314,3,1,0,-0.2669,0
16,44.4727,0,0,0,0.2444,1
19,59.9572,1,1,0,-0.895,0
17,62.185,1,1,1,-0.0288,1
57,50.8909,2,2,0,-0.428,0
28,80.3579,1,0,0,0.9687,1
25,63.2799,1,0,1,1.3025,0
27,34.888,2,0,0,-0.0664,1
27,34.7823,1,0,0,0.9025,1
71,124.1827,1,2,1,-0.1191,0
1,47.0108,0,2,1,1.0137,0
17,75.1612,0,0,1,0.5169,1
67,58.5067,1,2,1,-0.2775,0
41,68.9031,3,2,1,-0.5971,0
58,40.2837,3,1,0,-1.7148,0
41,67.052,1,1,1,0.4071,1
67,93.2984,1,0,1,-0.162,1
27,72.9611,1,0,1,-0.7335,0
48,71.3405,0,0,0,-0.0023,0
54,81.2576,0,1,1,1.025,1
67,65.6103,0,1,1,0.4226,0
22,90.4821,0,2,0,-0.294,0
36,66.3019,1,0,1,-0.7621,1
21,63.4295,4,2,1,-1.2697,1
57,61.1337,2,0,1,-1.5118,0
51,75.2553,1,1,1,-0.8404,0
22,100.1633,1,1,1,1.4086,1
4,40.3966,0,2,0,-1.6647,1
2,63.6725,0,2,0,0.2254,1
29,77.2883,0,1,1,-0.4975,1
11,44.0925,0,0,1,-1.2131,0
41,95.5307,1,2,1,1.6301,0
55,15,0,1,0,-0.8008,0
19,52.9796,2,1,1,1.5552,1
61,46.7226,0,0,0,-1.7007,0
69,99.2498,1,2,1,0.7707,1
1,70.56,0,2,1,-0.0198,1
10,62.954,1,0,1,-0.2942,1
30,53.1192,1,0,1,-0.58,1
34,54.7974,0,1,0,0.5325,1
47,77.8592,0,1,0,-0.6571,0
33,88.7963,2,1,0,0.5948,0
16,42.4412,2,2,0,0.6145,0
34,55.7861,2,0,1,-1.9516,1
62,39.8605,1,2,0,-1.0551,0
27,54.3663,0,2,0,-0.2206,0
25,82.429,2,2,1,1.3702,0
10,86.126,1,1,0,1.3006,0
59,47.9932,2,2,1,-0.6227,0
14,65.3202,1,0,1,-0.4107,1
28,46.2063,1,0,1,0.8731,0
63,83.1713,0,0,0,0.6983,0
24,53.9897,0,1,0,-0.1906,0
5,42.0223,0,0,0,-1.2399,1
19,63.7396,1,2,0,0.2071,0
11,62.9458,2,0,1,-0.8523,1
19,67.3393,2,0,1,1.6201,1
31,58.4359,0,2,1,0.2587,0
19,74.934,0,1,0,1.4645,1
71,63.8533,1,1,1,0.1799,0
11,63.7128,0,1,1,-0.5753,1
66,47.4514,1,2,0,1.5422,0
69,80.0852,0,1,0,-1.1146,0
13,94.0092,0,1,1,-0.8594,1
31,24.5435,3,0,0,1.9696,0
28,28.7622,2,0,0,0.6833,1
2,68.703,1,1,1,-0.2642,1
69,85.6969,2,1,1,-0.3417,0
36,100.2142,0,0,0,-0.3282,1
25,50.4535,0,1,1,-1.7664,1
3,49.3948,4,2,0,1.6377,1
27,49.1849,2,1,1,0.6706,0
51,90.2258,0,1,0,0.5129,0
25,69.786,2,0,0,0.838,1
13,15,0,2,0,0.1884,0
39,68.1268,0,2,0,0.0344,0
48,90.0587,0,2,0,-0.2057,1
33,76.0603,1,1,0,-0.3276,0
58,48.2904,0,2,0,1.1089,0
66,89.1466,2,1,0,-0.8857,0
28,84.7695,0,1,1,-0.4188,1
35,80.677,0,1,0,1.2213,1
39,24.3156,2,0,0,1.2341,1
24,55.3057,3,0,0,1.433,0
44,96.16,1,2,1,-0.4049,0
41,49.573,1,2,0,-1.0315,0
24,76.148,0,0,0,-0.1209,1
27,92.0663,2,1,1,0.1896,0
4,100.434,2,1,0,-0.3299,1
60,48.7251,0,1,1,1.6667,0
0,103.744,1,1,1,-1.1455,1
66,35.9223,1,0,0,-2.059,0
8,67.1475,1,1,0,0.9497,1
56,63.6477,1,2,0,0.3028,0
31,112.3254,1,2,0,0.4248,0
40,71.9486,1,0,0,0.4334,1
34,111.3543,0,1,1,-1.2685,0
13,76.8351,0,0,0,0.5274,1
26,88.1124,1,2,1,0.7697,1
11,75.8095,1,0,0,-0.6084,1
55,74.585,3,1,1,-1.0164,0
31,85.0476,5,2,1,0.6976,1
54,57.6052,0,2,0,-2.4593,0
21,62.9077,2,2,1,-2.2307,0
51,45.7464,0,2,0,1.0622,0
48,65.5279,0,2,0,-0.7547,0
30,63.1005,2,2,1,-0.1495,0
1,37.1682,1,1,1,1.3923,1
59,78.8382,0,1,1,-0.706,1
7,110.9783,2,2,1,-0.7899,0
59,58.2855,2,0,1,-0.1039,0
13,56.3018,0,0,0,-1.1745,1
62,30.6208,0,0,1,1.1177,0
43,61.7263,1,2,0,-0.1475,0
60,98.7868,2,2,1,-0.6998,0
61,65.3848,0,0,0,0.9957,1
42,69.9694,1,2,1,0.2413,0
24,55.7312,2,2,0,0.7689,0
23,45.9866,1,0,0,0.1108,1
45,42.704,0,1,0,0.8831,0
32,93.4627,1,1,1,-0.4723,0
19,24.3844,1,2,1,-1.6433,1
13,57.7257,1,0,1,0.8379,1
65,93.0084,2,2,1,-0.8251,0
6,47.9295,2,0,0,0.5511,1
23,90.8454,1,1,1,-0.4356,1
25,86.5467,2,2,1,-1.7998,0
6,81.798,2,1,0,-0.9417,1
51,80.6329,1,2,1,-1.0805,0
67,94.8167,2,0,1,0.7721,0
59,70.3759,1,1,0,-0.3037,0
59,33.1663,0,2,1,0.753,0
18,76.6374,0,1,1,1.2687,1
62,52.8381,2,2,1,-0.217,0
28,30.6558,1,1,1,0.3439,1
31,80.3721,1,0,1,0.0567,0
47,60.9858,1,1,1,-0.1097,0
32,87.9544,1,0,1,0.6827,1
19,79.1902,1,2,1,1.0356,0
7,38.0008,1,0,1,0.0681,1
3,52.339,1,1,1,-1.085,0
44,51.667,3,1,1,-0.91,1
4,81.8237,1,1,0,-1.2366,1
25,80.9207,2,1,0,2.7159,1
7,68.0015,1,2,1,-0.8071,1
19,65.5794,0,2,1,-2.1324,0
62,101.1831,1,1,0,0.1422,0
58,96.8939,1,0,1,-0.9999,0
20,58.5198,1,1,1,-0.6869,1
55,94.771,0,0,0,-1.2997,1
21,94.4907,1,0,1,0.3457,1
9,54.447,1,0,1,-0.492,0
24,64.6464,0,2,1,-1.3941,0
55,82.4348,1,2,1,0.5129,0
61,76.4769,0,0,0,-0.7649,0
41,41.3616,1,0,1,0.1355,0
38,15,1,1,1,-0.1667,0
22,59.4763,1,0,1,1.3921,0
32,49.9266,1,2,1,-1.0872,0
71,62.745,1,0,0,0.1492,0
23,91.6642,1,2,1,0.1358,0
16,42.5109,1,1,1,2.4698,1
61,88.3274,3,1,0,1.2136,0
47,85.4426,3,1,0,1.9097,1
38,49.2839,2,1,0,0.4066,1
24,55.4539,0,1,1,0.677,0
9,65.5856,2,2,0,-0.4536,1
26,66.0266,0,2,1,-1.6507,0
49,52.3132,3,2,0,0.5417,0
26,81.3238,1,1,1,0.7218,1
51,66.7416,1,2,0,0.6927,0
33,79.7125,1,0,1,-0.6879,0
40,82.6948,3,0,1,-0.2637,1
14,102.1265,0,2,0,-1.4865,1
53,71.4568,1,2,1,0.6509,0
44,95.0845,2,0,1,0.3394,0
57,44.2498,0,2,1,1.0986,0
14,38.2002,1,2,0,-0.4766,1
3,38.6058,1,0,0,0.2291,1
70,50.3223,2,2,0,0.4743,1
54,72.4555,0,2,0,0.1666,0
43,56.4334,2,2,0,-1.7837,0
15,86.2158,1,0,0,-0.4396,1
19,36.3966,2,1,1,0.4532,1
7,61.6099,3,0,0,-0.5251,1
58,48.2868,0,0,1,-0.1148,0
46,34.4038,3,1,1,0.5885,1
23,38.5242,0,0,0,-0.4382,1
61,51.7912,0,2,1,0.6025,0
65,75.6785,1,0,0,-0.5798,0
48,72.8577,1,1,0,-0.2932,0
12,61.8007,2,2,1,1.7666,1
21,39.4269,0,2,1,-2.3867,0
45,62.3194,1,2,1,-1.6659,0
18,68.2906,0,2,0,-0.1676,0
55,51.0943,0,2,1,-1.4723,0
62,92.4383,1,0,1,-0.3033,0
9,100.0893,1,1,1,0.6163,1
25,66.6145,1,1,0,0.3105,1
42,25.3815,2,2,0,-0.2506,0
1,48.8076,1,0,1,0.2471,1
51,79.7733,0,2,0,0.936,0
71,64.1513,2,1,0,-1.4582,0
12,66.8284,1,2,1,-0.898,0
31,69.6333,1,1,1,1.3856,0
69,55.9435,0,0,0,0.2937,1
35,76.9968,2,0,1,-0.2273,1
10,80.6822,1,1,0,-0.5513,1
57,68.428,1,0,1,0.2939,0
14,63.0517,3,2,1,-1.7912,0
34,33.075,1,1,0,-0.1711,0
30,70.4326,1,2,1,-1.5464,0
5,55.203,2,1,1,0.1845,0
62,51.6639,1,1,1,-1.3777,0
23,36.7197,0,2,0,1.1289,1
15,83.3401,0,2,1,-0.331,1
44,72.1818,2,1,1,0.5323,0
57,21.8302,0,2,1,-0.6928,0
13,22.9989,0,1,0,0.7365,0
66,92.9971,1,1,1,-0.9505,0
11,43.0965,1,2,1,0.8202,0
17,52.1321,2,1,1,0.5411,1
61,87.1295,0,0,0,1.9155,0
36,102.9508,1,1,1,1.2406,1
61,48.2614,0,0,0,2.5904,0
37,89.6558,2,1,0,-1.2396,0
2,101.0015,1,1,0,-0.9661,1
53,40.0697,3,2,0,1.1908,0
26,35.2069,0,0,1,1.9109,1
61,60.9794,2,2,1,-2.3745,0
18,88.7996,0,2,0,0.7978,0
16,94.3359,3,1,0,-0.8898,1
12,80.0501,0,1,1,-0.804,1
7,94.5956,0,0,0,1.297,1
41,87.9008,2,1,1,3.6081,0
58,65.6499,1,1,1,0.657,1
39,58.2058,0,1,1,0.3903,0
42,93.7458,0,1,1,1.4502,0
25,76.4182,1,0,0,-1.5152,1
35,102.6079,1,1,1,1.2483,0
45,65.3792,1,0,1,-0.9367,0
16,81.4089,1,2,1,-2.5442,0
23,53.625,0,2,1,-0.793,0
3,52.1259,0,2,0,0.3009,0
35,69.9286,2,2,0,-1.5362,0
43,44.3757,1,2,0,1.2395,0
14,97.8599,2,2,0,0.3235,1
40,54.1509,0,0,1,-1.5193,1
25,15,0,1,1,-0.7157,0
36,41.878,0,0,1,0.5207,1
18,44.155,2,1,1,-1.3871,0
51,70.4273,2,1,1,-1.3349,0
1,82.0561,3,2,1,-1.2392,1
3,90.7933,1,2,1,-0.2665,1
5,38.0327,0,2,0,-1.2036,0
54,55.5066,1,2,0,0.2388,0
59,86.1286,1,2,0,-0.7925,0
18,43.2217,0,2,0,0.9755,0
48,62.6624,0,2,1,0.245,0
32,46.915,2,0,0,1.2657,1
40,89.8917,1,2,0,1.0493,0
34,37.8343,0,2,0,0.5187,0
60,48.7015,0,1,1,-1.2492,0
60,58.9299,0,1,0,0.8262,0
42,38.0687,1,0,0,0.4906,0
13,119.4504,0,0,0,2.185,1
44,48.6681,0,2,0,0.522,0
50,85.656,0,0,0,-0.2596,1
60,65.0406,0,1,1,0.1008,0
2,61.288,2,2,1,0.665,1
51,15,1,2,0,-0.1145,0
28,85.6852,1,2,0,-1.0671,1
55,48.5009,2,0,1,1.6472,1
55,69.0734,2,2,1,-0.8281,0
32,97.884,1,1,0,0.1277,0
39,55.8868,3,0,1,2.2142,1
44,46.5878,1,1,0,-0.8781,0
43,82.0097,2,1,0,-2.0651,1
44,46.5978,0,2,0,-0.0104,0
66,39.5791,3,0,0,-0.6396,1
6,53.2946,0,2,0,-0.2213,1
27,55.2741,1,2,0,-1.1578,0
60,32.0396,0,2,0,0.3938,0
31,35.3333,1,2,1,-0.4078,0
65,74.8948,0,1,1,0.4109,0
30,91.2576,0,1,0,0.5068,1
62,53.4724,0,0,1,-0.7134,1
7,53.0306,1,2,1,-0.1945,0
12,82.8132,1,0,1,-0.3115,1
20,66.5275,0,0,1,-0.3437,1
62,56.6771,0,1,0,1.0827,0
64,100.0693,2,2,0,0.7976,1
50,55.1716,1,1,0,-0.265,0
62,86.0943,0,0,1,0.3559,1
45,72.5629,0,1,0,0.7895,0
42,75.2817,1,2,1,-2.572,0
45,98.0006,0,1,1,-0.6799,0
8,59.3726,2,0,1,0.7192,1
21,28.6864,3,0,1,1.8172,1
66,86.2842,1,1,0,0.4092,0
0,86.1822,1,1,1,-0.4697,1
15,79.7048,0,2,1,0.8362,0
65,59.1015,1,2,0,0.8768,0
46,36.5644,2,1,0,1.168,1
50,43.4749,0,1,1,-0.9544,0
18,86.4567,1,0,0,0.7124,1
19,48.655,1,1,1,0.1533,1
71,88.7261,1,1,1,-1.731,0
25,44.6486,0,2,1,0.9962,0
32,87.1474,0,0,0,-2.5696,1
23,63.2346,4,1,0,0.1187,1
18,63.0697,1,1,0,-1.8832,1
50,81.676,0,0,1,-1.1495,1
44,125.6716,3,1,0,1.3884,1
39,103.0877,2,1,1,-1.0198,0
43,100.6107,1,2,1,-0.919,0
12,37.8024,1,2,1,0.2331,1
23,71.0984,0,1,1,-1.4562,1
4,69.6683,1,0,0,-0.2241,1
54,27.7245,2,0,0,0.5286,1
26,93.3959,2,2,1,1.9636,0
65,155.4442,0,2,0,0.3221,0
51,38.357,1,1,1,-0.8335,0
61,32.4994,3,2,1,-0.8353,0
22,71.8774,0,1,0,-0.9767,1
66,77.2976,2,2,0,0.3897,1
65,61.6184,0,0,0,-0.3236,1
63,29.7815,4,1,0,-1.3979,0
50,108.1227,0,1,1,-2.0048,1
23,31.7448,2,1,0,0.1721,0
49,51.6718,4,1,1,0.3667,0
22,66.4152,2,2,1,0.5902,1
30,81.5624,0,2,0,-0.2925,0
61,127.4229,4,0,0,0.2384,1
21,26.5106,0,1,0,0.4742,0
37,52.4441,1,1,1,1.801,0
0,59.4423,1,2,0,-1.4051,1
23,51.5691,1,0,0,0.3867,1
13,57.8452,0,2,1,0.037,1
43,89.1777,2,2,0,-0.8558,0
19,51.2717,1,2,1,-1.3545,0
39,66.732,1,0,0,-1.3164,1
67,126.1384,2,1,1,0.3868,1
32,33.9354,2,2,1,-1.2439,0
71,98.0021,0,1,0,0.9601,0
49,61.6924,0,1,0,0.3928,1
13,39.5143,1,2,0,-0.5623,1
42,67.6038,1,1,1,-0.0947,0
48,83.0403,2,1,0,-1.0158,0
5,89.893,3,0,0,-1.0551,1
55,75.3715,7,1,1,1.1757,1
4,59.1863,0,0,0,0.384,1
17,139.5581,2,0,1,1.0695,1
14,92.1571,2,2,0,0.9088,0
71,77.6356,0,1,0,-1.6874,0
64,55.6006,1,1,0,0.2649,0
0,56.1581,1,0,0,0.8817,0
8,66.0711,2,2,1,0.7073,0
38,48.9062,2,1,1,-0.8789,1
25,71.9684,2,1,0,-0.3729,0
57,73.6434,2,0,1,0.7382,0
59,94.4718,1,1,1,0.984,0
15,93.3205,1,2,0,0.9621,0
32,102.7882,0,1,1,-0.0163,1
48,86.609,3,1,0,1.4035,0
15,61.6557,0,2,1,1.0563,0
4,71.0778,0,0,0,-1.0043,1
32,83.7681,4,2,0,0.0875,1
65,52.3468,1,0,0,-1.054,0
18,63.7056,1,2,1,0.149,0
50,76.4327,0,0,1,-1.511,0
58,57.5963,0,1,0,0.1438,0
24,52.1225,0,1,1,1.6273,0
60,32.1208,0,1,1,-0.8273,0
1,47.5836,2,2,1,-1.2016,1
67,91.0269,1,0,0,-0.669,1
16,77.6562,1,2,0,-1.5741,1
10,62.4759,0,0,0,-0.8979,1
53,38.6528,1,0,0,-1.7432,1
55,49.7641,0,0,1,-0.2161,1
69,24.4314,3,1,0,-0.4137,1
69,75.9489,0,2,1,-0.0989,0
39,67.0017,1,2,0,-1.6366,0
2,16.1144,0,0,1,0.5441,1
5,97.8852,4,1,1,0.3766,1
34,81.339,1,0,0,-0.4221,1
22,88.0372,0,0,0,-0.6659,0
9,49.911,2,2,0,0.1355,0
38,30.984,2,2,0,0.2631,0
49,21.9431,2,0,1,0.7467,1
15,56.4711,0,1,1,0.0764,0
71,124.9157,1,2,0,0.5519,0
31,106.8884,0,1,1,-1.5929,0
2,63.8214,1,2,1,-0.5565,1
49,64.0754,1,1,0,-0.433,1
22,78.0747,0,2,0,1.9977,0
43,55.1362,1,0,1,-1.5373,1
14,104.2607,0,2,0,-0.4491,0
42,19.5846,0,0,0,-0.1767,0
57,80.574,2,0,1,-0.2502,1
7,51.3509,1,1,0,-0.1274,1
15,41.5019,0,2,0,0.2376,0
36,62.2706,0,0,1,-0.9915,1
31,72.1827,1,1,1,1.9817,0
62,71.211,0,0,0,-0.8847,1
62,72.4171,2,1,1,0.6413,0
62,65.3035,3,1,1,-0.2296,0
59,39.3291,2,0,0,-0.3606,0
30,57.2972,1,1,1,-0.8293,1
53,36.1397,2,2,1,1.1313,0
69,56.9277,3,2,1,-1.7301,0
59,77.4342,2,2,0,-0.426,0
41,71.9852,1,0,0,0.6752,1
37,71.7266,2,1,0,0.4028,0
10,67.6634,0,1,1,-1.0317,1
45,69.7156,1,1,1,0.0444,0
5,106.1006,2,0,1,-0.3306,1
71,51.088,1,0,1,0.6144,0
66,40.4993,1,1,0,0.7272,0
31,59.548,0,1,1,0.2051,1
41,62.1439,2,0,1,-0.84,1
58,82.4777,0,1,1,0.2392,0
29,74.7301,1,1,0,-0.258,0
32,50.7239,0,1,1,-0.1149,0
69,49.5603,1,0,1,-0.5258,0
11,66.3321,1,0,1,-0.3513,1
52,56.338,0,2,0,-0.3481,0
6,99.8927,0,2,0,1.1593,0
56,42.2666,0,2,0,-0.6418,0
40,61.9107,0,0,1,-0.5043,0
55,88.0279,2,0,0,-0.5267,1
14,102.1041,2,0,0,1.3054,1
9,56.6954,1,2,1,0.2318,0
66,15,1,2,0,1.5649,0
56,19.017,1,1,1,0.2902,0
28,118.9351,2,2,0,-0.8625,0
17,59.9419,1,0,0,1.1683,1
16,68.8414,0,1,1,-1.0389,1
25,111.4337,3,2,0,-0.6021,1
2,15,2,0,0,-3.0434,1
63,28.0845,0,2,1,0.2552,0
68,74.2531,1,0,1,0.4215,0
21,69.8394,4,0,0,0.3609,1
48,67.6795,0,1,0,-0.858,1
65,70.5181,0,2,1,0.5697,0
5,81.0266,1,1,0,0.714,1
25,89.2389,3,1,1,0.2235,1
34,75.2047,2,2,0,0.8275,1
22,49.4754,0,0,0,1.6161,1
65,104.9701,1,1,0,0.0526,0
54,108.873,0,1,0,-0.2813,0
10,52.9061,0,0,1,0.5456,1
33,53.8856,1,2,0,-1.7611,1
6,58.3437,1,2,0,-1.1651,0
60,76.2274,1,0,1,-0.3908,1
45,60.9247,0,0,1,0.0192,0
39,43.6261,4,0,1,-2.6104,1
0,81.8763,1,2,0,-0.5621,1
65,85.3922,0,0,1,0.0663,0
48,62.357,4,1,1,-1.3986,0
33,60.8654,1,2,1,0.6096,0
30,80.3031,2,2,0,0.5037,1
50,49.5889,1,2,1,-0.5935,0
42,54.8723,0,1,0,0.4067,0
27,44.0138,0,2,0,0.3703,1
49,58.2508,1,2,0,-1.8735,0
17,104.8576,0,1,1,-0.7218,1
3,89.0981,3,0,0,-0.8985,1
43,32.5235,0,1,0,0.6755,0
61,20.7227,3,1,0,1.1696,0
24,32.8387,0,2,0,-1.0412,0
66,89.2786,2,1,1,-2.6944,0
59,44.478,1,2,1,0.6627,0
56,84.0755,4,0,0,0.9201,0
68,55.471,2,1,1,0.86,0
6,75.3316,0,1,1,-0.2162,0
31,97.246,1,2,0,-1.1186,0
34,70.439,1,2,0,0.9399,0
24,41.3648,0,0,0,-2.7241,1
63,91.9295,2,2,0,1.6799,0
3,77.5296,2,0,1,-0.5929,1
21,56.6736,2,2,1,-0.0831,0
17,42.8168,0,0,0,0.552,1
11,85.0148,4,1,1,-0.9273,1
20,33.5882,0,2,0,0.1414,0
68,56.2215,0,1,0,-1.7832,0
61,52.1945,1,1,0,-0.1872,0
8,101.314,0,1,0,0.3364,1
26,57.5589,0,0,1,-0.2653,1
18,86.8774,0,2,0,2.4154,1
65,96.0499,2,0,0,-0.5264,1
59,25.8334,1,2,1,0.7708,0
44,44.8143,1,1,1,0.1407,1
16,48.3544,1,2,0,-0.7363,0
59,112.038,1,2,0,-0.0371,0
19,70.5768,0,2,0,0.1516,1
37,68.0431,0,0,1,-1.2977,1
22,52.3747,1,0,0,0.1104,1
50,77.7179,1,2,1,0.751,0
31,82.6128,2,2,0,-1.1275,0
51,64.4045,0,2,1,1.411,0
45,24.4642,0,0,1,-0.5631,0
54,87.5848,1,0,0,0.2561,1
61,21.6017,0,1,0,-0.1836,0
3,58.0466,1,1,1,1.1968,1
61,25.5207,2,1,1,-1.7341,0
37,103.4826,2,0,1,1.2508,0
7,75.4439,1,1,1,0.5105,1
49,54.6832,4,1,1,0.8812,1
29,30.8909,1,1,0,-1.5721,0
60,53.7382,2,1,0,-1.5466,0
25,52.1711,2,1,1,-0.1476,0
68,127.4116,2,2,0,0.613,0
15,22.1509,1,2,1,1.8776,0
48,64.4614,2,0,1,0.2929,1
4,85.7211,1,0,1,0.7156,1
29,72.6688,0,2,1,-0.5536,0
61,45.4875,0,0,1,1.9707,1
17,81.7148,0,0,1,0.7733,1
51,46.4724,1,0,0,0.8981,0
57,50.9315,3,2,1,0.3654,0
25,66.3893,0,2,0,-0.1257,0
60,117.6483,1,2,0,0.7518,0
63,62.888,1,0,0,0.3881,1
53,48.5137,1,2,1,1.2269,0
21,66.5186,0,0,0,-0.2542,0
69,108.4849,1,2,0,0.8698,0
60,82.2649,1,0,1,0.8789,0
43,72.3216,2,1,1,0.4829,1
13,77.5446,0,2,1,0.9925,0
19,52.2908,0,1,1,1.4727,1
17,74.1723,0,1,0,-0.1608,1
8,54.6817,1,1,0,0.8555,1
36,50.6713,0,0,0,1.1626,0
10,92.7862,1,2,0,0.0038,0
9,82.8985,1,1,0,-0.124,0
46,107.0663,3,1,0,-0.5428,0
36,70.5377,3,1,1,-1.0542,0
22,73.021,3,1,1,0.2773,1
14,39.2722,1,2,0,-2.0787,0
31,111.5704,1,2,0,-1.4083,1
49,62.6478,0,1,1,-0.5285,0
13,61.9387,3,1,0,-0.2972,1
59,89.1477,1,1,0,0.3703,0
38,72.1307,2,1,0,-0.2427,1
68,88.6784,2,0,1,-0.9754,0
31,67.7312,0,2,1,-0.8896,0
24,36.936,2,1,0,-0.7929,0
8,74.4368,1,2,0,-1.3636,0
3,88.4308,2,0,1,0.3018,1
69,81.152,1,1,1,2.1247,0
11,87.4292,1,2,0,-1.4348,1
12,62.97,1,0,1,-0.8013,1
65,86.4808,1,1,1,2.3965,0
53,73.525,2,0,1,0.3839,0
49,92.6708,1,0,1,-1.236,0
41,79.4204,0,1,1,-0.9497,0
7,101.4061,0,0,1,-1.3244,0
71,22.9978,0,1,0,0.9517,0
3,63.0544,0,0,0,0.9661,1
6,17.7725,0,2,1,-1.7102,0
26,52.88,0,2,0,-0.4815,0
67,55.3215,0,2,0,0.1288,0
37,64.9242,1,1,0,1.0513,1
68,57.5792,2,2,0,1.3373,0
24,85.3979,2,0,0,0.5468,1
22,43.2057,0,0,1,1.9697,0
31,74.4921,2,2,1,-0.5934,0
15,35.0755,2,0,0,0.0126,1
46,66.4322,1,0,1,-0.9024,1
48,40.4992,2,1,0,2.5016,0
5,102.0847,1,0,0,-0.3844,1
10,58.6971,1,1,0,-0.8409,1
29,74.9601,1,2,0,0.3996,0
52,92.7615,2,1,0,0.0831,0
71,60.1734,0,0,1,1.1333,0
55,85.508,0,1,1,0.7554,0
48,40.6653,2,2,0,-0.1987,1
10,38.4154,1,2,1,-1.229,0
61,87.3234,1,0,0,2.1457,0
21,50.5899,1,0,0,-1.8178,1
43,44.9694,1,1,1,0.5006,0
37,62.4125,0,1,1,-1.1073,0
14,45.7671,0,1,0,0.1737,0
47,94.7041,1,1,1,-0.9206,1
43,60.3637,0,1,1,0.2762,0
64,78.6632,1,2,1,1.6584,0
17,75.3024,3,1,1,-0.339,1
15,71.2111,1,2,0,2.441,1
26,107.5357,0,0,0,-0.055,1
17,52.278,0,0,0,-2.332,1
24,62.7999,1,0,0,-0.9145,1
58,63.9434,0,2,1,0.4837,0
12,45.7564,0,1,0,-1.4595,0
42,90.8834,3,1,1,-0.6786,0
56,78.0638,1,2,1,1.3652,0
23,104.8649,2,1,0,1.1802,1
37,44.0086,1,2,1,-0.1517,0
12,45.0988,0,0,0,-0.5982,1
57,88.0626,1,0,0,-0.97,0
15,67.3373,2,0,1,0.299,1
29,66.7448,3,0,0,0.8679,1
38,72.8743,1,1,0,0.8157,1
11,85.0873,2,2,0,-0.0666,1
59,72.4332,1,2,1,-0.7211,0
58,84.9681,1,0,0,1.545,1
44,17.6035,0,1,0,-0.0273,0
0,68.9009,1,0,0,0.1975,1
30,86.3066,0,0,0,1.7307,1
18,100.1964,0,1,1,-0.9005,0
65,69.0857,2,2,1,-1.4768,0
58,89.7193,0,0,1,0.106,0
15,79.6509,0,1,1,-1.5147,1
56,56.0717,1,1,1,0.8637,0
37,15.7445,1,1,1,0.158,0
14,91.2369,1,0,1,0.336,1
25,62.7746,1,0,1,-0.1168,0
58,46.0565,2,0,1,1.0179,1
70,70.7074,1,2,0,-0.8562,0
40,95.6498,1,0,1,-0.0302,1
9,93.2242,2,2,1,0.785,0
70,48.6922,0,0,0,-0.2831,0
54,54.5909,1,1,1,-2.3056,0
38,101.4597,0,1,1,0.8002,0
59,91.5196,1,0,1,-0.8809,1
28,38.4498,1,0,0,-1.3508,1
9,74.6789,0,0,0,0.1937,1
1,68.712,1,2,0,-0.2417,1
7,72.5493,2,2,1,-0.324,1
63,64.6672,1,1,1,-0.3228,0
63,79.5304,1,0,0,0.4296,1
31,47.7603,2,0,0,1.2788,1
54,102.3147,2,2,1,0.6007,0
30,109.8603,0,1,1,-0.7573,1
66,31.1773,1,2,0,0.5304,0
58,50.8179,1,2,1,-0.2239,0
32,97.9899,1,2,1,0.2746,0
65,58.653,1,0,1,-1.1,0
65,45.9971,0,1,1,0.4347,0
18,108.0115,0,1,1,-1.4501,1
25,98.783,0,0,1,0.4605,1
60,22.3955,2,0,0,-0.5324,0
10,43.6042,0,1,0,0.7336,1
20,97.4802,1,1,1,1.0214,1
37,88.3171,1,0,1,0.2666,1
70,55.5595,0,0,0,0.5266,1
29,38.9783,2,2,1,1.4329,0
30,113.3586,0,2,0,0.1006,1
42,80.6351,4,2,1,-0.3061,1
12,76.2275,0,1,1,-0.7516,1
30,59.8675,4,2,1,-0.4225,1
14,64.7716,3,1,1,1.2394,1
14,55.4853,4,1,1,0.7086,0
68,85.793,2,2,0,-0.0095,0
60,57.3668,0,2,1,0.1746,0
15,99.5254,1,2,1,-0.408,0
45,60.1596,1,0,0,0.8399,1
27,73.0123,1,2,0,-0.4521,1
30,79.3185,2,1,0,-2.27,0
63,74.59,1,2,1,0.0048,0
54,37.1022,1,2,1,-1.3544,0
2,57.3855,2,2,0,-0.4405,1
50,95.2838,1,0,1,0.9848,1
56,35.1037,1,2,1,0.5105,0
9,85.688,2,0,0,0.682,1
37,35.9304,1,1,1,0.3821,0
32,66.0752,0,2,1,-0.1882,0
9,99.6044,2,0,0,-1.1137,1
61,84.2281,0,2,0,2.6708,0
56,73.3556,2,0,1,-0.2666,0
1,72.6863,0,2,1,0.1823,1
6,73.8648,0,0,0,0.0207,1
55,26.6601,1,0,1,-1.6122,1
24,52.4431,0,2,1,0.19,0
28,38.2199,0,0,1,0.8441,1
43,47.3364,0,2,0,-0.1579,0
60,81.7694,2,1,0,-1.8524,1
26,78.5271,2,2,0,-0.343,1
17,63.3142,3,0,1,-0.2992,1
14,75.4042,1,0,0,1.2636,1
22,73.9576,1,2,1,-0.8878,0
55,64.6456,1,2,0,-0.4907,0
43,105.3468,0,0,1,0.5749,0
19,132.797,1,0,0,-1.2374,1
36,35.7131,1,2,0,-2.0972,0
67,71.7512,1,2,0,-0.8386,0
35,91.3847,0,0,1,1.0516,1
69,63.2383,0,1,1,1.74,0
11,58.4053,0,1,0,1.1631,1
21,65.8746,0,0,1,0.2059,0
31,55.9815,0,0,1,-1.4262,1
31,76.8693,1,2,1,-0.6515,0
14,61.2904,1,0,1,-0.9006,1
5,127.493,1,0,1,0.0768,1
62,91.7364,0,1,1,-0.026,0
67,83.1108,1,1,1,-0.7632,0
0,45.1344,0,2,0,-2.4372,1
69,45.7037,1,1,0,-0.1727,0
33,53.45,3,2,0,0.6288,0
34,52.8345,1,2,1,-0.2153,0
49,51.2835,0,2,1,0.1806,0
44,52.4137,1,2,1,0.3139,0
37,34.9205,2,2,0,-0.3879,0
41,41.1817,0,2,1,-1.7432,0
28,69.7462,1,0,1,1.0467,1
65,76.6868,0,2,1,-0.6876,0
27,68.9756,0,1,0,-0.1561,1
27,60.7387,0,1,1,-1.3889,0
21,85.2054,1,0,1,-0.1914,1
40,78.1579,1,0,0,-0.9886,1
67,104.5875,1,0,0,0.3841,1
5,77.4446,3,1,1,2.1686,0
3,105.861,2,2,1,1.9021,1
23,108.959,2,2,1,-0.429,0
57,61.133,2,1,1,-0.2582,0
33,47.9644,0,0,0,0.5008,0
65,110.4382,0,2,0,-0.8588,0
27,29.1405,1,0,0,-0.1658,1
22,87.6141,2,2,1,0.15,0
11,72.1022,3,0,1,1.8448,1
9,37.5821,0,2,1,-0.3462,1
59,77.6223,1,1,0,0.147,0
68,17.9627,0,2,0,-0.5088,0
10,65.3849,0,2,1,0.8712,0
38,24.5073,1,1,1,0.3374,0
16,109.3043,2,1,1,-0.9992,1
0,76.65,4,0,0,-0.0157,1
9,38.9891,1,2,0,-0.7324,0
53,95.5544,2,1,1,0.9261,0
61,62.2054,1,2,1,1.6477,1
45,51.0636,3,1,1,-0.8366,0
17,74.6757,2,2,0,0.1702,1
56,107.4722,0,0,1,0.7006,0
20,59.0923,0,2,1,0.2727,0
36,40.2604,0,2,0,0.4869,0
57,86.9378,1,0,0,0.5767,1
15,61.4592,1,2,1,-0.9288,0
56,78.8823,0,1,0,0.0976,0
34,54.2456,0,0,1,-0.6448,0
51,30.9223,0,2,1,-0.0191,0
22,33.9643,0,0,0,0.4169,1
65,99.7459,1,2,1,1.035,0
20,78.862,2,2,1,0.0859,0
51,38.9871,0,2,1,-1.9249,0
35,111.1318,3,0,1,-0.9988,0
53,52.0983,0,2,0,-0.643,0
63,51.878,1,1,1,-2.1866,0
22,45.0616,0,1,0,1.5345,1
56,43.087,1,1,0,-1.4396,0
59,78.8566,3,0,1,-0.4214,0
58,79.7321,2,0,0,1.7901,0
14,64.2734,1,0,0,-0.5661,1
36,98.5018,1,1,1,-1.8259,1
35,38.8444,2,2,1,-1.4219,0
5,90.7125,2,1,0,2.6972,1
15,79.7005,2,2,0,-1.4365,0
7,63.2081,0,1,1,-0.51,0
12,80.019,0,1,1,-0.3042,0
0,56.9343,1,0,0,0.1615,1
40,70.4979,1,2,0,-0.998,0
9,89.1288,4,1,1,-2.0297,1
59,67.8888,0,0,0,-0.141,0
22,122.4092,0,1,1,1.4767,0
9,57.303,0,1,0,1.2944,0
63,48.3019,1,1,0,0.6492,0
60,56.9023,2,0,1,1.5322,0
9,62.8686,2,1,1,-1.4139,0
1,99.7872,0,0,0,-1.213,1
36,96.0086,2,1,0,-1.4801,0
62,74.6182,2,2,1,-2.2285,0
9,85.8629,1,0,1,-0.2207,1
12,95.4906,1,2,1,-0.6604,0
53,85.2266,0,0,1,1.0741,0
28,90.6542,0,0,1,1.1287,1
3,55.8082,1,0,1,-0.9738,1
9,28.2937,1,1,1,1.5533,0
38,104.9801,1,2,1,-1.2046,0
71,90.5242,2,1,0,1.8685,0
44,75.3207,0,1,0,-0.8518,0
