rooms,area_m2,age_years,km_to_centre,quality,reference_id,price
5,93.3307,46,2.4017,1,-2.2124,11378.4766
6,115.4878,63,7.7789,2,0.0549,11367.9143
6,109.9986,13,6.1181,3,0.2681,19158.3735
1,129.5526,4,2.6399,1,0.2288,9458.2923
5,25,45,13.9323,5,1.5012,12211.1074
6,71.1985,40,2.461,1,1.6356,11126.9575
1,87.277,10,39.2237,1,-0.685,-7337.7966
6,44.8937,74,5.6874,3,0.1961,11279.7782
4,136.256,43,7.25,2,-0.4469,10070.6023
6,140.8522,25,16.1593,3,-0.8122,16714.6277
4,113.0973,20,3.2311,5,-0.4359,24702.5351
6,100.6017,34,0.4932,3,0.391,17853.1321
6,105.1476,1,11.6876,5,-3.3103,31033.5459
6,146.9048,47,3.0292,2,-1.594,16999.8835
3,105.3209,64,5.4574,1,2.1365,3192.45
2,86.8629,59,1.357,2,-0.8804,3906.8462
1,154.4221,56,0.2,2,-0.6635,6677.4243
6,80.4996,57,9.0032,5,0.0872,20900.1755
4,132.5918,24,39.8674,2,0.893,-501.2414
1,54.3538,46,2.2405,4,-0.8655,12195.7115
3,147.0888,32,12.5807,4,-1.8564,17854.6788
1,93.2884,65,4.8223,4,0.1564,9391.4682
2,83.2958,16,0.9828,4,-0.2347,17990.4307
6,95.7873,62,10.7244,3,-0.7303,10616.9576
5,119.2841,21,2.5138,5,-0.7486,29541.8017
4,122.5464,78,2.2989,1,-0.3697,5840.4472
3,132.7136,74,0.6213,4,-2.4703,14902.1916
1,107.5424,22,9.0454,3,-1.4038,5942.3266
6,43.0629,76,16.9395,5,0.2317,10637.1093
5,126.5674,49,15.4112,1,-0.4075,2720.4961
3,53.6315,42,9.9542,4,1.1459,10719.1967
2,116.87,65,4.517,4,0.7766,15705.9851
3,121.1916,32,4.1176,1,0.4354,5767.1136
1,128.2623,30,5.8946,2,0.8533,5429.7065
6,104.5664,48,14.2056,5,-1.5387,22454.1529
2,82.5082,42,1.4647,1,0.4956,2170.0139
6,26.1512,6,2.6047,5,-0.7531,24125.3441
6,117.3446,11,5.2402,4,-1.0906,27784.349
6,49.2135,54,18.2298,5,-0.0043,15309.3729
1,89.161,18,8.1101,1,0.3994,4321.7048
5,116.3991,37,2.8976,4,-0.5453,23559.1166
6,102.3238,34,3.5036,1,2.0599,12365.2853
4,79.3266,11,7.7819,5,0.9903,22171.6679
4,98.928,2,14.6505,1,-0.7505,7972.267
4,64.7408,42,0.3816,4,-0.1667,15983.6638
4,118.5122,0,1.3819,4,-0.9936,28060.8085
5,86.1227,55,22.7194,2,-0.2251,2186.1417
1,65.1035,43,0.2143,3,-1.2438,5125.8922
2,43.6702,12,15.0125,4,0.4634,7705.6581
6,25,20,0.6132,5,0.0713,24249.5956
2,83.4347,10,13.2587,5,0.3061,15404.7638
2,38.8407,54,4.7224,3,-2.2119,3727.2119
5,93.9813,39,4.9815,2,-0.3041,11999.1829
5,89.7516,73,13.7347,3,0.5788,8285.6042
5,126.1586,52,6.8077,2,-0.0205,12936.386
2,61.2235,52,6.2948,5,-0.3184,12819.1945
4,117.9552,52,11.0983,5,-0.7797,16275.5352
2,66.3365,66,6.2724,4,-1.6984,10635.4717
5,155.2678,60,12.3324,2,-0.765,9402.0675
1,102.1804,18,1.0685,3,0.8766,7265.425
6,63.3469,73,1.7314,5,0.0886,21003.365
3,118.4246,76,7.4257,4,-1.936,13121.0382
4,46.7297,71,1.2151,2,0.1359,5443.8668
6,88.2927,47,2.5113,2,0.118,13114.7035
1,154.2523,25,15.5619,1,-0.6524,3070.4213
4,103.707,47,6.1315,4,-0.1776,16589.1023
1,29.3672,27,0.2,1,1.887,2683.9126
3,145.4416,42,7.9422,5,-1.019,21016.9859
5,113.9311,1,3.4748,2,0.4565,16737.5401
3,132.31,56,0.3738,4,-1.5124,17717.0215
6,58.5164,70,12.6136,5,0.2251,16842.5588
3,103.2811,47,4.9615,2,0.4061,5338.5747
5,115.1375,48,14.5725,2,0.29,8139.77
3,102.6234,24,0.6158,2,1.9051,7870.8441
5,48.7329,33,10.6558,3,-1.4422,11741.5887
3,139.1085,43,3.5529,3,1.9283,13281.5171
6,49.9805,45,17.6264,2,1.1896,7045.806
1,74.8357,3,2.9251,4,-1.3861,15560.5638
6,97.1216,77,3.7038,3,1.1005,11360.311
4,112.5456,9,11.0396,3,-1.3964,12957.6109
6,107.157,25,9.9045,5,-0.2272,27035.1735
1,89.22,42,19.3036,5,0.3796,9783.3699
2,61.1676,9,6.1509,1,1.4722,5324.346
5,109.6016,3,8.635,4,1.4866,26575.7077
2,90.9319,55,4.1884,2,2.1826,1908.7802
6,56.7326,12,6.0833,3,3.1845,16039.882
1,33.3622,36,0.7281,3,0.6494,2699.6014
3,92.4809,23,6.8271,2,0.1745,6347.7715
6,98.0868,40,2.8986,3,0.9037,18143.7582
2,81.9663,10,12.7323,5,-1.3705,16112.6781
3,116.5257,14,2.6196,5,1.1952,24139.2621
3,130.6349,49,4.5445,4,-0.5913,17321.2131
4,89.7796,63,16.7308,5,0.9436,12514.5494
3,130.3838,63,5.2364,5,-0.4469,18559.863
4,78.0435,14,6.0549,1,0.1581,9875.8641
1,104.3296,46,0.4548,5,0.0343,16852.0838
3,115.3798,4,8.3046,5,-0.414,23311.9993
5,105.6179,24,1.3472,2,0.4945,16752.1688
3,63.4182,20,9.0551,4,-0.1458,15377.4829
3,116.1127,72,4.5438,3,-0.1502,7746.2732
6,113.1415,31,2.6176,3,0.2644,19630.9716
6,135.9592,65,0.3169,2,-0.286,14271.3689
1,128.6174,74,0.6451,2,0.0126,2147.3534
2,28.7137,61,16.4827,2,-0.3428,-6405.5678
6,63.1744,17,3.6231,4,-0.3245,21449.8194
2,98.9443,5,0.5901,4,-0.2736,20847.7052
2,87.1371,24,0.4154,4,0.3918,14741.2668
3,161.8272,18,0.2326,4,-0.4144,24762.7315
1,63.5107,46,10.3962,1,-1.6881,-2279.1722
6,43.3836,67,0.413,1,-1.1983,7199.3184
6,70.4423,44,8.9011,2,-0.0987,10788.9038
1,46.4872,54,3.6723,2,0.7158,-487.2468
1,109.3831,53,16.0437,4,-0.2649,8554.1436
5,82.1038,52,4.1996,4,0.2157,16882.6601
5,71.7827,75,4.9169,1,-0.0174,1121.5157
4,158.2561,50,13.7627,4,-1.4935,19735.7401
4,119.1776,4,9.1834,2,0.1372,13482.1903
2,46.1158,55,4.5348,1,1.0769,-2164.7985
4,125.2095,46,0.9808,1,0.7093,8381.9489
4,78.3212,10,3.6226,4,-1.0016,23244.0894
6,74.0764,60,0.3342,2,-0.6252,10473.7735
2,151.9468,55,4.3162,4,0.0871,15359.7277
1,121.3774,10,5.5779,1,1.3371,4682.029
3,102.3701,34,25.3569,5,-1.131,11313.8337
1,150.5431,40,0.4387,4,1.2509,17494.8699
4,82.5837,57,4.1632,2,0.0894,9640.5496
5,126.3103,32,10.1112,4,-0.5909,22973.4366
3,107.7827,30,5.3732,4,0.2821,18585.0462
3,98.7893,70,5.8597,5,0.9521,12913.4779
5,84.5373,78,11.4841,5,0.4315,14076.6599
3,83.7689,10,10.3184,3,0.2085,9349.0932
3,121.1312,49,0.2,4,-0.4103,18017.9757
3,62.0557,35,9.1247,4,1.1417,12813.0746
2,79.0866,27,6.3718,2,-0.624,5973.5952
1,117.4356,74,2.2174,5,0.6504,14564.9054
3,65.4041,70,2.553,1,0.8231,2653.3225
4,58.9541,46,38.6413,3,0.2202,-3473.7118
6,111.3293,51,0.2,1,-0.3227,13643.8852
1,126.9453,50,0.4512,2,-0.7568,5416.8684
4,80.8177,19,16.0406,1,-0.8001,6032.7628
4,94.7344,15,5.735,2,-0.3354,11136.9081
2,66.5748,17,15.2644,1,-1.3118,1284.3647
3,41.3746,49,16.3001,5,0.393,8957.9258
5,151.1954,36,5.0875,1,-0.1631,12659.1661
1,86.0225,19,3.8633,3,-1.9926,7427.8174
6,147.6354,23,1.5226,3,-1.4629,21306.3516
2,60.2328,34,3.6667,2,-0.2332,4153.5192
4,128.5946,34,2.0938,5,-1.607,23522.2719
5,102.8913,19,5.2952,1,0.2715,13807.4537
3,121.6207,64,11.6693,3,-1.3609,4627.7284
6,83.0931,13,10.7183,1,0.7181,10393.7819
4,51.423,77,7.1052,1,2.0195,176.2025
4,121.2309,6,1.1375,2,0.3846,16878.4528
4,81.4425,35,5.0803,1,-1.3601,7201.9031
4,109.8263,58,6.6286,2,-0.9729,7456.4765
5,94.3625,59,2.4091,2,-0.9024,9879.6281
3,104.2282,28,3.2103,1,0.421,3630.1105
2,102.6147,59,18.7472,5,-0.7695,13959.8431
6,108.6216,38,5.5808,2,-0.1647,13829.6058
6,107.271,21,1.3551,4,0.3188,27861.4766
2,81.1477,54,0.8348,1,1.3181,1404.6735
3,92.0772,50,3.2131,2,0.3194,5035.5344
4,92.7628,2,1.6606,4,-1.0444,22852.0258
3,41.2564,36,9.8378,2,-1.0828,3236.7349
6,102.9575,15,7.3254,5,-1.1124,29600.5671
3,100.9658,64,4.9353,3,1.6423,6870.489
3,32.7265,65,3.658,2,1.5606,2863.6126
1,120.4084,25,2.8171,5,-0.6197,21424.634
3,74.6456,11,0.9264,1,-1.5444,4849.4578
3,72.8028,2,0.5813,2,0.812,12028.4673
5,73.7939,46,0.3419,1,0.6853,10139.9724
6,114.8913,17,2.8007,3,0.712,22333.314
5,73.5592,78,3.2359,3,-0.4,9306.745
2,42.9927,0,4.3414,2,-0.1779,6868.668
3,101.0271,9,6.0021,3,-0.9578,13221.8885
3,105.0338,10,4.1764,1,-0.9446,7977.6459
2,85.4362,53,27.7454,5,0.6732,4549.3174
3,89.2992,10,2.4161,4,-2.4638,20617.5786
5,103.575,73,13.7525,3,0.9935,7402.7962
4,183.098,54,1.8217,1,-0.4409,10668.3426
2,112.943,67,37.3678,5,0.2668,2440.3868
1,155.4741,20,5.0259,2,-1.4697,8568.2544
3,82.3515,19,0.2,4,1.1649,18725.6553
6,96.3389,4,4.9362,3,0.2186,21518.356
5,133.6093,0,25.7921,3,0.385,15897.909
4,67.5866,32,17.7025,4,0.5098,10678.5736
6,67.3861,77,15.5586,3,-0.0284,6490.2432
1,25,33,3.3147,5,0.2512,12078.6
1,69.9679,26,1.3449,4,0.3538,16438.249
4,95.6424,59,9.9275,4,-0.7951,13912.4892
1,126.7777,9,3.9917,1,1.2864,4027.5217
2,98.7019,26,3.8401,2,-1.0301,7181.73
1,89.8445,8,10.3105,5,0.3695,17751.683
5,136.0977,17,16.9894,5,2.1156,24997.8369
3,136.0012,35,6.4697,5,0.6154,23157.1634
2,95.4728,17,0.7452,5,-0.5816,18256.7273
5,44.8914,38,16.5268,2,-2.0794,3614.7293
4,32.2864,5,0.5329,1,-1.463,8797.9129
3,124.323,15,4.8439,1,0.4292,6249.3607
2,89.227,15,7.4084,5,0.4988,20782.8907
1,147.6263,16,0.2602,2,0.77,10497.0486
4,113.4361,22,31.9986,3,-0.6756,4695.9853
5,133.9341,1,7.5828,2,-0.1764,17951.9317
6,40.6667,79,10.4173,4,0.8732,11980.3924
6,59.6916,50,0.9473,3,-1.3872,14546.2925
3,53.577,31,7.1396,3,-1.4589,6407.2757
2,201.567,11,3.4981,3,-1.1343,15561.5091
2,155.9849,3,7.2427,2,0.5342,10630.419
3,109.568,64,0.5834,3,-1.4276,8632.5323
6,101.2964,2,13.9918,4,-1.6039,23074.1259
1,39.9758,68,8.8869,1,-0.6264,-6569.6154
3,110.5628,28,4.6796,3,-1.1726,12633.5917
6,116.0299,36,0.2,4,-0.3548,27395.2558
2,97.0736,2,15.2026,4,-0.9387,13306.8916
6,142.793,46,25.0632,4,-0.3996,15022.9098
5,46.4679,19,2.8506,2,0.9698,13930.9644
4,115.3142,32,16.7563,3,-1.0764,10304.2639
2,97.0691,52,3.3859,2,-0.8075,4884.6442
4,35.9359,33,1.7095,4,-0.3922,14483.9946
6,79.5481,74,10.4207,5,0.7412,19507.5044
6,108.833,18,5.02,2,0.0615,18798.3008
5,107.0681,16,12.1143,5,0.7602,24080.4622
6,28.6518,46,2.9364,4,0.7965,16201.9844
5,81.991,30,11.2185,3,-1.3362,13329.1247
5,80.1578,5,4.827,2,1.0551,15424.5174
2,110.6239,5,4.7972,1,-1.123,8571.7257
6,146.0646,7,1.019,5,1.4161,37178.2948
1,72.944,18,0.2273,2,-0.4198,5780.7361
3,101.8736,56,14.7437,1,0.5056,912.1934
4,116.5676,76,2.6855,4,0.0787,17775.0452
4,116.1077,20,2.5297,4,-0.5223,24449.4345
1,97.7524,19,8.7249,3,0.3256,7196.6335
4,75.4823,55,8.5477,3,1.1117,4163.4223
5,93.2655,76,21.1033,4,1.0807,10098.4256
2,78.2939,74,17.38,3,-1.8669,-1322.9121
2,82.471,37,20.5216,4,-0.3987,7592.8467
5,47.8414,30,0.6482,1,-0.193,8319.5814
6,149.4412,16,1.8115,4,0.1171,29286.4637
2,88.5583,14,6.3681,2,-1.3836,6871.2116
6,75.227,78,5.0525,3,0.6683,11419.5896
6,135.2821,54,18.9588,5,1.7795,19395.9507
5,36.2197,36,11.6134,2,1.0319,9899.8829
2,87.8484,32,1.0284,5,-0.3406,17878.4612
3,49.8513,31,21.0679,2,1.2642,1298.9297
6,115.4681,9,1.0566,4,-2.5532,30915.9259
4,108.7016,7,6.1564,4,-0.0937,22846.6871
2,132.9002,8,5.0213,2,0.6758,10547.4128
5,25.9329,35,14.452,3,0.0421,6882.2166
2,132.2165,42,12.0027,5,1.7634,17912.7684
3,96.1788,53,5.0154,2,-0.0846,3479.6832
5,139.3493,74,8.9348,1,-1.1884,5757.0819
5,93.4754,39,15.4078,5,-0.4829,17214.1192
5,78.3542,9,7.7007,3,-0.0195,15880.1068
1,110.8574,29,6.6718,3,-0.858,8491.6404
3,67.6724,41,9.1987,2,1.1755,3730.1379
5,91.024,53,16.9202,4,-0.7417,12584.5589
6,100.7514,70,1.682,2,0.1173,13169.8121
1,78.5502,3,4.9515,4,0.3334,16180.1979
5,25,31,4.3309,1,-0.56,6986.6119
4,115.9249,26,1.5939,3,1.3433,16537.6549
2,41.9344,48,4.0749,2,-2.0858,4524.2968
2,67.5295,75,0.2002,3,-1.1807,3345.3772
2,149.7435,60,6.555,1,1.6659,-1717.9451
5,143.896,59,9.7184,5,1.2123,20981.2402
2,36.9695,45,8.5632,5,-0.4609,10030.234
1,100.6674,64,8.8406,5,-0.055,10189.1488
6,136.5716,32,1.4602,1,0.3396,13774.8707
4,120.3025,9,11.5797,5,-0.1752,24933.2304
1,67.0656,39,6.0215,2,-1.0366,3241.6463
4,25,16,0.8459,5,-0.9643,18279.8497
2,118.157,29,16.0345,2,0.0923,2742.7806
3,86.9441,32,1.8125,5,1.1627,19976.7714
1,93.6854,23,1.5129,4,-0.8233,15801.363
6,92.3254,62,5.5266,5,2.4905,22699.3767
1,83.7424,73,9.8338,2,-0.4624,-114.6815
6,122.27,30,2.3194,5,-1.3278,30597.2623
3,86.9782,25,6.2632,4,1.3588,18154.0693
3,38.4955,64,9.6556,1,0.062,-2363.5522
1,97.6342,58,13.0676,3,0.7804,3118.8938
6,57.6904,26,2.5078,5,-1.3441,25366.3037
4,25,1,14.7882,3,-1.4494,7426.119
1,85.133,58,14.4965,5,-1.1906,7642.9899
3,40.6528,61,6.2698,2,-0.0497,867.5738
5,94.2599,55,6.4801,5,-1.1129,21970.9376
5,120.0381,47,0.6571,3,-0.3933,15250.3483
1,92.6469,0,2.5141,5,-1.0014,19381.4618
4,92.9514,77,1.9123,5,-1.1031,18779.6405
5,169.3235,18,10.1589,1,-1.4722,13162.9946
4,80.4657,37,0.2,4,1.2107,19696.7698
3,110.2517,10,9.0067,2,-1.5872,10655.6589
6,109.8872,70,23.6442,1,-0.5078,1736.8009
3,126.631,68,5.778,2,-0.7333,6787.1492
2,63.0781,2,17.762,4,-1.9919,10098.8583
6,92.1231,5,6.7635,4,0.4251,27821.5289
1,83.0568,77,3.963,5,-0.7685,9295.9041
3,52.2554,49,0.468,2,-0.0136,5939.6559
6,162.3093,79,2.0979,2,-0.8453,14147.1057
4,87.1895,42,6.368,1,2.3274,8325.7566
4,105.2533,71,3.1253,1,1.2699,2863.1318
5,134.5208,50,2.7604,3,0.7582,15116.8395
3,202.4196,26,13.4113,5,-1.4171,26816.6498
5,65.3399,23,1.7338,3,-0.0623,14344.7966
3,124.2769,64,0.5676,1,-0.0417,4940.5623
3,67.2603,73,42.1768,3,0.7701,-6370.1301
6,88.4285,13,3.3815,5,-0.1913,27104.3241
2,62.8252,39,4.0975,5,-0.0224,15166.5911
4,126.0879,79,12.6152,2,-0.5654,2157.3372
6,105.3742,45,4.1041,4,-1.0589,25040.4286
5,25,13,2.9573,1,-1.1554,10269.6184
5,52.3673,77,0.9398,4,0.3747,15724.2391
3,54.3181,18,5.5124,1,-0.3585,6334.2572
5,110.2245,60,9.4426,4,0.2719,19508.6001
4,82.2314,31,32.3408,1,0.0281,-6462.4793
3,61.0567,52,8.5492,5,0.1623,13553.9784
5,85.4272,42,4.6678,2,0.3518,8673.2368
2,64.2991,64,4.9075,1,0.5109,-1560.7977
6,153.6375,57,24.008,5,0.5567,21089.1069
4,116.9951,3,3.2399,4,-0.4472,25102.8029
4,103.9233,69,7.9143,3,1.0635,8977.2063
6,64.0202,51,9.2067,4,-0.9299,16258.0982
6,63.5569,34,3.4182,3,1.1373,14565.0143
1,67.0643,37,1.5394,1,-0.1973,-435.2044
3,133.8651,45,12.2029,1,0.8623,1785.0186
3,176.0655,27,5.7043,5,0.2427,25083.0376
4,116.7651,60,3.5175,5,-0.2398,20585.9636
4,149.9743,49,0.2,5,-1.6611,24736.7164
3,130.129,63,1.0126,2,-1.0236,5588.3477
6,143.0813,24,10.5857,4,0.5277,30273.5273
4,142.4985,10,6.935,5,-0.5283,27214.359
3,62.4409,75,2.2973,4,-0.5118,10671.5577
4,91.9028,45,14.4925,5,1.2299,15369.0005
4,130.9664,58,30.7334,2,0.854,231.8884
1,156.275,43,0.2,1,0.2193,2543.0783
1,44.3102,5,4.5093,5,0.103,14739.1923
5,79.2964,56,4.3258,3,0.2734,10561.5619
5,190.417,19,9.3644,2,-0.0344,15982.7463
5,159.6622,70,15.3574,1,0.4934,4402.7183
6,106.8853,36,7.9922,5,0.2349,29217.6303
3,117.1689,68,7.6337,3,1.3037,5953.43
2,77.9818,71,8.7449,1,0.4095,-3499.4261
3,86.7054,23,10.3096,3,0.7788,8803.5671
6,81.1282,7,7.9031,1,-1.6168,13908.4309
4,25,23,3.12,4,0.2786,14510.5297
5,104.6243,15,2.1124,3,0.2531,17685.8348
4,105.89,61,2.5745,1,-2.4503,5514.745
5,103.9699,1,20.1601,5,1.4781,24048.3914
6,99.9449,78,2.2576,2,-0.424,11047.3916
6,74.8376,27,0.656,3,0.126,16375.3869
5,130.0426,6,10.5171,3,-0.2959,18694.7473
5,102.7052,71,21.2999,4,-0.4094,11908.2491
6,50.5104,31,9.5858,5,0.1287,20787.3395
6,52.5208,40,0.2,1,-0.93,12588.3062
3,25,67,0.6366,4,-0.5983,10239.0299
4,168.7267,23,0.4324,3,0.0446,17519.5586
1,98.8256,77,4.4659,2,-0.1787,-684.0583
3,25,61,6.3375,2,0.5381,-1026.5923
1,83.625,78,0.2,5,0.0383,11378.6815
3,102.1039,44,3.9635,1,-0.2126,2942.5195
4,125.3435,49,4.7963,5,-1.1649,20476.6172
3,108.2404,79,20.3333,4,-0.6297,5194.521
4,73.9371,16,13.6921,2,0.4185,6449.5798
5,140.7084,61,9.5158,4,-0.571,19902.9046
6,36.7885,17,2.2013,3,-0.0925,16863.416
5,143.9517,33,1.2551,4,-1.9738,28175.0134
1,78.2976,29,0.2,3,-0.6708,6957.969
3,79.6457,59,1.2086,3,0.3287,8684.518
6,124.3491,24,4.8724,4,0.4859,26357.7784
1,101.8528,27,7.1689,5,0.7278,16744.2371
6,56.8443,1,45,4,1.2825,6963.514
6,169.366,67,2.5881,2,0.6297,14356.5111
5,161.5279,10,2.1206,2,-0.4495,18625.4226
3,119.2353,70,23.3065,3,1.162,1042.7127
4,109.7759,59,1.1897,2,0.6677,7965.4555
6,156.7643,47,3.8192,4,0.2203,28152.3538
4,45.684,7,9.6909,2,-1.855,6884.5234
3,122.2001,62,7.2209,3,0.1779,7752.6998
3,42.5564,23,0.2443,2,0.4945,6958.7866
2,70.421,66,18.883,1,0.5773,-6364.9142
5,113.865,3,6.2941,2,0.9496,16342.2815
2,82.2888,49,19.966,3,1.4488,258.9973
4,45.659,67,1.8113,1,-1.0417,1883.5414
3,105.0814,24,0.7678,3,0.3518,15710.8408
3,68.9639,76,17.0036,4,-0.4985,5527.0887
4,99.5129,43,0.4876,5,0.7542,19895.7472
6,80.3852,65,40.001,1,0.3728,-3989.3256
1,65.2558,31,4.4991,2,0.1469,6230.3728
3,66.5516,72,3.5699,5,-1.216,12185.9677
3,67.2628,3,23.8324,3,1.1695,5188.2877
3,133.3669,64,13.5481,4,-0.3228,12268.8665
3,133.8209,8,3.1423,3,-1.4945,14756.6692
3,127.5736,64,1.4012,4,0.3573,15253.4607
6,37.4541,16,8.8198,4,0.9188,18427.3575
3,84.7871,63,17.2062,3,0.0782,3056.5425
6,59.6212,4,1.5027,1,-0.4635,14971.4129
2,66.9359,5,27.378,4,0.5861,7345.9562
5,107.4678,4,2.0603,3,-0.7561,19983.708
4,77.1371,20,5.9249,1,-0.6666,6435.0647
2,51.6459,47,17.2692,3,0.2883,-436.2041
4,35.1851,11,4.7976,4,1.2186,14713.7049
1,101.7998,12,26.9984,4,1.0535,7647.383
4,106.7474,44,7.7552,1,1.3653,4556.3365
1,70.8276,12,5.618,2,-0.5776,4518.6022
5,71.4631,53,27.7198,1,-0.7571,-566.9654
5,91.3257,43,9.6972,2,-1.034,7620.2934
1,58.0167,23,30.3878,1,-0.3603,-8921.3775
6,57.086,55,2.4264,1,-0.3736,9396.3453
2,52.7139,16,5.4544,5,-0.0371,14784.6232
1,97.865,53,10.4221,3,-0.3964,3895.1349
2,143.3936,52,24.7152,3,1.4337,-1608.9996
6,110.7083,53,27.86,2,-0.724,2695.4103
4,25,63,13.4306,5,-0.5651,6683.5217
2,78.7855,2,7.7507,3,1.2868,11441.4702
2,52.9223,10,1.0455,2,0.2242,9045.0335
1,94.7045,1,2.1763,3,-1.0201,13997.9757
6,138.2733,27,32.5442,1,-1.5504,3532.2312
1,109.0651,10,5.9888,2,0.8934,10126.2242
5,96.4956,53,1.3388,5,1.2268,24260.5985
3,48.9519,18,4.7193,4,-1.1915,13738.0314
4,95.5223,9,9.4399,1,0.6213,6724.0383
2,132.6126,50,0.8613,4,-3.7514,17970.8983
4,81.9728,46,1.7423,3,0.148,10303.2736
3,109.7076,46,0.6746,4,1.5158,17878.2559
1,100.8344,75,3.7987,4,1.0636,10336.0366
5,61.8635,24,1.6963,1,0.3254,11853.6978
6,99.36,57,1.5658,3,0.3916,17993.4266
6,143.9114,24,8.9756,5,0.13,27557.7401
4,54.748,52,8.2759,4,1.3053,14327.2345
4,39.8873,72,1.4278,4,0.1023,11152.693
5,85.6725,73,15.5446,3,0.36,3989.9651
5,146.8564,5,6.81,3,-1.28,20682.3131
6,125.5613,74,0.2,2,0.3828,12212.5659
5,77.9024,51,1.7676,3,-0.1631,11794.6871
1,146.5243,21,3.3244,3,-0.4125,11427.5497
3,86.1003,29,11.6884,3,-0.1873,6902.3505
1,98.0353,14,7.4777,2,1.2517,6621.9582
4,129.4719,78,10.4091,5,0.4314,17563.5365
6,116.0947,6,6.9004,5,1.364,31211.7451
6,149.0805,39,10.8294,3,-0.377,17473.3319
5,105.8993,63,7.4139,1,-1.0014,6519.932
5,164.9407,49,13.1004,3,-1.37,13397.4402
2,94.6093,63,8.8393,5,1.2673,12852.5763
3,134.9769,21,1.1298,3,0.3806,14397.9409
3,90.9067,28,5.6988,5,-0.1778,18165.9475
2,45.7826,17,5.4553,4,0.0858,12878.1816
1,133.8764,10,12.6502,2,1.71,6898.4958
3,81.3771,23,2.0132,3,-2.4903,9218.5952
3,52.5509,77,9.438,4,1.2957,4721.2081
5,81.065,76,10.5342,4,1.3268,13068.421
1,77.6533,21,11.0498,2,-0.7198,4301.9733
5,48.8694,50,5.4504,5,0.7368,16507.1418
6,119.659,57,0.2,4,-0.6608,25690.4848
5,106.8575,44,9.2961,5,-0.2512,25088.5005
2,85.2074,17,5.4047,4,-0.6505,15529.9612
2,103.9384,45,4.2923,3,-0.9768,10057.5963
2,32.0999,25,6.6141,2,-0.9714,3232.9863
3,47.9471,25,0.6512,3,0.1719,12040.6856
2,55.0292,22,15.6103,2,-0.3343,172.3853
4,114.8265,35,1.8524,3,0.8784,12567.0816
5,150.2217,25,1.1057,2,-1.0813,17225.4666
5,70.2282,21,7.3153,2,-0.6653,12009.0175
6,87.1899,47,1.5487,2,0.3577,14913.9497
1,89.2575,17,3.9033,1,0.6997,2884.29
2,90.1362,1,10.2226,4,2.5555,15027.4069
6,77.5428,24,0.3422,4,-0.88,26000.5882
2,97.1019,49,13.6765,4,-0.0448,11833.5812
2,80.6293,6,6.1452,1,1.8638,4957.0734
4,58.569,20,0.9874,5,-0.3929,21174.4258
4,111.6664,60,2.8521,2,1.6166,12096.4416
2,99.0334,64,4.3184,4,-1.1195,12443.4344
1,111.7799,2,10.5716,4,0.6685,17380.429
5,144.153,29,5.3966,5,-0.4701,27400.5894
4,82.6915,66,0.8567,1,0.9788,5785.0313
1,61.5088,42,20.7458,1,-0.335,-5699.5394
5,82.3251,28,1.5385,3,-1.9883,16109.5939
5,94.2682,0,1.4004,4,-0.3057,25844.829
1,110.0193,36,0.9059,4,0.809,14180.8592
5,94.8224,6,5.3466,4,-1.1514,24278.1331
3,28.8821,2,4.9235,1,0.5712,7581.2589
4,132.4326,55,1.122,2,0.0858,9864.6375
4,92.8159,36,11.1843,3,-0.051,7958.9792
3,128.6521,10,14.2525,3,-0.9913,12036.3253
4,65.6262,67,6.9621,1,0.2405,-535.3775
4,123.2879,38,2.6977,3,-0.233,10451.8272
4,132.8278,61,13.6022,5,-0.2545,18383.9054
1,104.9662,19,10.3735,3,-0.6846,8033.695
5,25,25,4.5781,4,0.1355,18727.9311
6,92.7356,6,0.4138,3,0.2782,24564.6108
6,112.9446,65,1.1689,5,1.1996,24950.7808
5,62.0035,13,1.9071,4,-0.7592,19658.2107
4,122.0781,31,7.8847,1,-0.0663,6010.7958
1,115.0915,13,5.6648,3,0.5134,9081.0484
4,90.529,46,30.1542,3,0.8682,1974.721
4,49.3673,32,9.5894,2,0.3764,6804.2445
6,107.0723,46,24.1664,5,-1.0127,18228.9153
4,70.018,72,13.969,1,0.2953,-656.965
4,110.343,18,6.3336,4,-1.1965,22214.6533
3,80.2055,69,3.4952,1,-1.0665,650.6881
1,89.451,26,3.8319,3,0.5366,6191.9122
2,51.2136,39,1.0599,5,0.828,14985.2095
3,108.0291,57,2.3343,1,0.7069,3230.9993
3,65.0329,8,5.0363,5,-2.3428,18859.5188
4,69.8177,13,17.6008,5,-0.7924,16604.9639
1,51.6377,55,5.37,4,0.1587,6330.6681
3,70.8088,69,2.5395,3,-0.4014,4148.8414
2,92.4108,38,0.2,1,1.6248,5098.6137
3,118.0775,11,10.8671,2,0.7321,9199.5588
3,113.1428,9,23.3875,1,-1.2134,1372.8624
6,79.4043,18,8.488,1,-1.3528,11690.4812
6,104.0841,59,11.6722,4,0.6867,20373.9581
2,98.3987,48,17.0602,4,-0.7287,7043.6329
5,66.3417,68,5.0346,5,1.2133,16352.0432
3,57.8778,9,10.5119,5,-2.0714,19038.9353
4,111.8688,46,9.8665,5,-0.9519,19503.3749
6,107.7649,48,1.3451,5,-0.1627,28649.2612
4,108.7504,20,11.062,2,1.3213,11438.8394
1,131.6158,7,6.9911,5,1.6006,24098.2501
1,92.3636,51,12.2733,5,1.4315,13090.5799
5,81.8049,23,1.0164,1,0.6291,10461.2784
2,83.2227,24,14.3273,1,-0.9496,860.5459
2,77.2337,44,10.9634,2,-0.2759,2670.6396
5,118.9325,71,8.186,5,-0.455,17989.3866
1,138.9167,24,6.3762,3,-0.1195,10492.8715
4,69.0049,16,19.2809,1,-0.6653,3430.1799
2,95.3806,49,3.6575,3,0.0146,5736.0185
4,80.4769,30,6.8544,2,-1.7597,8470.2133
4,112.1975,5,2.9716,5,-0.2735,27478.1524
6,134.3941,29,0.3521,4,0.7042,28667.6266
4,183.1563,32,22.5509,5,0.7048,22034.758
2,113.8426,29,2.7551,3,0.3688,10260.2239
2,103.6073,56,1.768,4,0.0912,14906.139
2,51.522,77,10.5169,1,-1.5571,-6578.2157
3,94.3629,56,4.9599,4,-0.8081,13160.3915
6,123.2325,57,0.978,1,1.358,12420.4956
1,129.0102,75,5.8004,2,-0.1284,968.1204
1,96.4819,70,23.4678,5,0.221,5080.6759
5,87.3063,0,3.7593,4,-0.152,25661.7622
2,79.58,40,5.4028,5,-1.3475,16531.8625
3,86.7119,32,6.8508,2,0.0395,5156.249
5,25,78,6.8427,5,-1.881,11645.2814
3,72.1047,25,0.9634,3,-0.9708,13866.5411
2,120.4228,20,5.1745,1,1.2295,6521.1721
3,63.2347,74,2.9708,2,-0.0494,3737.0258
6,124.1127,13,1.1185,1,-1.6751,19176.3386
6,122.0551,75,3.523,3,-0.197,14917.8177
6,107.9876,62,0.4489,3,-0.1035,16497.7599
5,84.7869,51,1.4155,4,0.8597,18564.451
6,118.4674,52,4.9425,4,0.0058,24241.0489
4,50.5539,21,11.1792,1,0,857.0094
6,80.2639,66,1.2043,2,-2.4019,10780.8099
2,62.8537,44,7.3066,4,1.5534,10767.0744
2,100.7027,39,7.5772,2,1.9049,5866.6288
6,141.9075,9,5.1196,2,-0.7152,21397.4581
5,161.0673,79,4.0171,2,0.8398,10590.1611
6,101.2614,8,6.2766,5,0.5513,28371.2535
5,103.551,72,12.778,1,-0.3633,1710.7596
4,118.6733,14,2.3752,1,-0.0972,9645.2979
1,118.5752,2,2.0409,1,-0.2059,9554.5553
4,42.3374,25,3.4551,4,-1.7053,14998.2188
1,167.8126,74,6.3447,5,0.0383,16311.4361
1,51.8396,49,14.8054,3,0.355,2906.7513
6,88.4841,44,11.3052,2,-1.2711,10464.2796
1,68.8533,64,20.2354,5,0.8802,3147.8005
4,88.4317,69,10.0908,1,-0.0313,1100.0952
1,102.8208,19,10.8289,4,0.8148,11809.5817
1,165.8931,72,27.5418,4,-0.1931,5443.8475
2,138.1418,14,0.2,3,-0.9252,12867.6516
6,67.6372,26,17.3355,5,0.6352,19808.9339
3,110.1083,45,11.0257,4,0.506,14915.8238
1,91.5582,18,13.897,1,-0.489,-66.8424
3,104.3342,13,2.738,2,-2.1796,9889.1088
1,160.1262,68,18.6632,1,-0.1046,-5923.8174
2,137.0849,12,1.382,5,0.6266,24343.1083
3,93.2271,54,2.1317,1,-0.0397,5241.0585
2,61.9171,56,3.5555,1,-0.0668,415.8817
3,116.7351,3,12.4545,3,1.128,8484.6353
4,95.3547,12,7.2704,4,-1.1669,22775.3399
3,55.1489,36,3.5354,5,0.4642,14509.8176
2,88.4325,51,33.7807,1,0.2945,-11433.7646
1,161.1636,42,1.3417,4,2.3486,17714.2512
3,105.2392,23,13.5325,3,-0.5855,9069.4356
5,87.4705,66,7.7293,5,-0.5224,19435.4683
4,62.3046,79,3.9049,4,1.2321,12198.1262
3,128.3999,68,27.5682,5,-1.3136,10746.7195
2,112.1897,63,7.3819,4,0.1713,15663.9093
1,36.0102,43,10.7101,1,0.119,-962.1628
5,118.7679,12,1.9946,4,0.096,26321.2103
3,110.2368,10,1.6019,3,1.1143,14332.5789
5,61.4918,17,9.2494,2,0.4497,11659.5521
3,51.1497,57,2.7823,5,0.0714,13366.4055
4,69.5314,51,4.5786,1,0.8439,5118.7673
4,26.168,18,16.3458,2,-0.1782,6367.0914
6,111.7697,38,0.4728,3,-0.1986,18593.792
5,99.9343,42,15.0063,3,0.0311,9468.055
1,102.6467,26,1.9691,1,-0.7117,4565.109
3,112.6059,66,0.377,2,-0.8923,6759.171
1,79.8359,69,15.6224,5,-1.4313,5853.8165
4,131.0645,74,4.7843,3,1.011,7377.7091
3,90.3644,48,17.2513,4,1.0238,10059.4556
4,58.5331,36,16.572,2,-1.0832,2691.8275
4,113.942,66,2.0058,3,-0.6596,10855.3339
5,115.45,77,6.3905,2,0.8123,7196.1955
2,109.3862,4,23.2191,5,-1.2423,16640.0542
2,97.68,9,6.5146,2,-0.7203,8256.9619
4,174.8272,23,24.8976,3,0.4106,10242.3233
6,81.2385,3,21.6372,1,-0.1801,10379.4366
6,83.5188,69,5.5104,4,0.7182,17484.4166
5,106.3801,17,2.6171,4,0.0697,23874.5437
4,105.4169,26,2.5802,5,2.5768,24392.6563
3,92.3705,17,3.872,4,-0.0172,16572.2617
2,133.0557,69,1.6523,3,-0.5416,6853.01
3,56.0141,17,1.2326,4,1.4851,17584.2703
6,139.5474,28,5.9141,2,0.9622,14358.4758
3,134.787,54,8.9013,3,1.1816,5571.9765
3,138.9588,0,0.856,1,-1.0209,14564.7165
5,62.5369,0,16.7352,5,-0.3018,20619.7326
2,75.2696,38,3.2972,3,1.1085,5479.1635
4,110.0763,71,9.5268,3,1.2493,8595.4555
2,96.8992,50,11.8478,3,0.4972,3453.3433
2,42.1119,27,3.08,4,-2.1599,12841.2625
5,111.587,6,9.5155,5,-0.918,25880.2628
2,58.93,57,4.2727,5,1.9377,12030.1889
3,115.2485,0,1.577,1,-1.3731,10849.2393
6,48.0854,44,7.1665,5,1.0636,18289.1648
4,91.9453,42,4.0818,5,-0.1639,18478.7318
2,106.3215,20,17.5807,3,-0.0717,4281.574
1,67.4127,35,2.0116,5,-0.6923,13522.8389
4,67.9818,45,25.4062,3,-1.1486,1185.3104
5,85.8034,22,6.9486,1,-0.2739,9078.9271
6,122.5053,52,28.01,5,1.4226,18024.3459
4,25,11,4.7302,3,0.4739,11827.472
6,111.6212,38,0.4681,3,0.6665,18186.2964
1,165.9586,19,9.0766,2,0.3878,6454.756
2,138.7724,45,0.6198,5,-0.6901,20555.493
3,57.1364,7,16.6318,4,-0.3596,14176.6566
2,144.318,63,26.3128,3,0.863,95.8837
4,145.7618,77,2.8077,2,-0.9857,5077.5579
4,73.8303,31,8.9468,5,0.9525,19311.7141
4,81.8088,20,4.1335,1,-2.7125,7234.2289
2,60.7607,31,2.8646,2,0.8684,3667.2237
4,86.5423,35,1.8693,2,-1.8478,11464.3484
4,99.0241,4,5.3875,1,-0.2362,11521.8202
3,98.4476,9,1.0579,2,-0.526,13390.3222
3,52.2395,36,3.7731,3,0.0203,6027.6828
6,139.9453,64,17.1988,3,0.6526,11078.3726
2,32.4126,0,32.7321,2,1.3007,-5039.9092
1,97.7964,1,3.0498,1,0.5522,7137.5955
6,182.5686,52,5.0267,1,0.5412,13665.7849
2,25,43,1.5454,1,0.094,945.5122
3,101.2264,76,9.7629,1,1.9918,-747.6165
5,73.5429,36,9.2786,1,1.1794,6998.056
5,58.7118,35,4.6099,5,0.4126,17396.0735
5,70.8154,48,8.0152,4,-0.7916,15745.2347
3,142.2455,22,6.6442,5,-0.2418,24250.1926
4,129.2865,8,18.1765,1,-0.9624,9777.3699
4,206.6272,56,28.5652,5,-1.3093,18883.3814
1,98.7385,58,23.3738,1,0.314,-8529.9584
6,78.8273,74,26.3179,3,0.7587,4112.1841
5,123.7073,34,2.4454,5,-0.0497,28828.1962
2,63.416,69,7.8048,5,-0.3181,10403.7957
1,34.4583,66,6.8225,1,-0.1877,-5498.9943
4,62.3248,32,18.7501,2,0.316,806.7737
3,79.6179,45,8.3999,5,-0.9378,14614.4926
1,132.2123,31,0.7952,4,0.2685,19481.0289
6,65.408,17,2.0629,3,-2.2759,18958.4328
6,45.7014,17,21.5539,2,0.1762,4909.067
2,77.7744,39,1.0691,3,1.0279,6960.6972
3,194.8422,72,18.631,3,1.9376,5736.5554
3,147.027,63,0.8686,1,-0.4089,5358.8658
5,133.3937,76,1.1404,4,2.1756,19337.795
6,108.7216,0,3.5007,4,-1.1954,30274.1624
3,92.6945,74,2.0975,5,-1.7551,15803.7702
6,80.8125,78,8.845,2,-1.1789,9559.0695
6,103.2448,75,16.6287,2,0.7743,7432.2233
5,134.1981,30,3.3011,3,0.2962,13286.3303
1,71.7908,31,3.3947,4,-0.8561,12702.7854
2,129.0511,19,11.5338,3,0.1437,10018.5888
3,103.2357,32,4.947,4,-1.4846,15927.4693
5,135.6359,6,2.6349,3,-1.0406,20197.2212
2,87.1162,79,8.1205,3,-1.1788,870.827
1,77.474,43,25.8103,1,1.1675,-8180.3403
5,25,5,1.1183,5,-1.1273,23184.8818
3,106.5261,42,4.5588,2,0.4483,8951.6673
5,166.6864,60,2.4259,3,-1.4581,15769.7894
2,152.2759,10,6.0694,1,0.9384,6784.0729
2,110.9646,12,37.9003,4,0.5605,5222.7754
4,113.9158,61,3.9723,4,0.9448,13538.0439
5,124.0641,37,0.7469,3,-1.6237,16886.6581
6,55.9199,63,3.2903,4,-1.5384,18848.707
6,94.9347,28,0.3083,2,-0.0688,16507.5462
4,104.5705,22,11.1784,3,0.576,10348.1073
3,46.7656,50,24.0603,3,-0.5686,-1832.3759
1,163.3191,6,15.362,1,-0.4115,5623.9872
6,94.5678,4,9.479,2,0.6487,16999.9897
2,172.4635,15,3.9363,1,-1.5372,6663.3867
2,77.462,70,9.5347,1,1.0325,-1971.7842
2,55.4276,66,11.2556,5,-0.912,8996.5846
3,107.4951,51,2.938,1,-0.6916,1866.3944
1,65.7674,38,10.796,4,-0.6935,7613.6244
3,104.3882,25,10.111,2,-0.5879,6245.9131
1,103.9485,31,22.1748,2,0.7951,-3863.1394
2,61.7204,21,1.5611,1,-0.8321,3597.2445
4,132.1218,20,1.7429,4,1.7137,26429.2393
1,103.808,24,7.2121,1,-1.2574,3737.2816
4,116.5698,40,0.7606,4,-1.1054,18741.0807
2,35.1271,63,12.6777,3,-0.5118,-447.4785
4,114.511,44,2.5201,4,-0.6327,19542.078
6,109.7601,5,0.3845,2,-0.4097,21659.8598
4,113.6119,43,0.2,3,0.2013,15400.028
4,50.8868,44,3.0317,4,0.4187,16088.5889
5,91.4339,59,10.7616,1,0.456,2608.6726
6,88.8441,12,5.7497,3,0.998,16745.0111
6,49.4155,19,4.2466,2,-0.1053,13983.5538
5,71.6752,73,2.7701,1,0.3782,1852.0649
4,43.7077,40,1.0663,2,-0.0315,7556.4119
4,108.854,38,20.7093,3,1.0113,6761.364
2,92.3053,7,0.4423,5,1.3201,20923.3316
6,122.3701,61,14.2372,1,0.2899,6797.0938
6,130.3376,5,10.9241,2,-1.4373,17529.1628
6,74.4244,36,3.0494,2,0.1766,16112.5915
4,80.6648,27,12.7016,2,0.9237,5862.5124
1,92.8575,20,2.3659,5,0.8212,18464.9357
5,97.4589,32,7.7787,4,1.1555,20289.863
5,85.4523,72,5.3727,2,1.7575,6808.909
6,63.8665,24,0.2489,5,0.1625,25443.1039
3,70.908,77,10.2611,1,-1.6847,-3128.8531
2,77.6839,73,2.2591,5,0.7389,12780.2839
1,119.3333,32,6.3303,2,0.9665,6303.6281
4,100.9865,76,0.9282,2,1.2135,10021.9297
1,87.7529,63,3.2795,4,-0.9034,10549.755
3,129.0981,35,3.1126,4,-0.6174,21027.8219
1,70.5329,53,17.1117,5,-1.1557,7643.4245
6,148.4088,36,29.4518,2,0.548,8546.2168
3,59.8212,71,3.9531,3,1.2278,2384.7894
5,116.6588,40,2.6129,1,0.3031,9472.921
1,90.3681,53,4.896,4,0.3928,7469.2264
1,82.0262,35,6.763,2,-0.7405,4399.4792
6,104.6367,38,5.9725,2,-1.5196,10794.1547
1,83.124,6,14.8504,5,0.8272,15273.2768
3,92.8402,40,3.1888,3,-0.3926,10070.7587
6,97.0899,55,1.2637,2,0.0715,11552.5754
5,94.0047,68,3.1475,3,0.4862,11782.6609
6,103.5669,70,5.4704,5,-0.6143,21952.8414
1,51.9198,24,10.522,4,1.0895,8418.1386
1,25,36,25.3064,1,1.1037,-10202.7548
1,69.5938,7,0.5218,4,-1.2647,15406.6491
2,87.3711,52,6.6356,3,0.577,6614.5972
5,33.1516,20,0.9953,2,-1.3293,13238.674
6,123.1124,58,0.5548,3,-0.1826,17794.8424
3,107.6129,5,3.381,5,-1.7316,23669.4231
5,124.7805,64,8.7679,4,-0.0632,19109.1801
2,87.6655,51,14.3338,5,1.0757,11555.1889
6,132.4521,1,18.8052,2,0.5071,13945.602
3,25,43,1.3737,3,1.0511,6220.9765
6,132.3527,15,1.4527,2,-1.0455,17602.2687
4,60.5789,65,10.073,3,0.842,2938.902
2,83.5503,26,1.7439,3,-1.9074,11482.3988
4,87.2488,70,1.8575,3,1.3393,8167.8054
6,114.9616,17,2.5844,2,-1.3089,19726.0138
6,135.3896,40,4.7242,2,0.7082,16074.6336
4,78.1526,5,7.1336,1,-1.1787,10237.491
6,76.5238,55,1.2631,2,-0.5136,13088.6624
5,55.1992,6,3.9617,1,0.7152,13643.1965
5,117.659,24,8.9471,1,0.5886,8341.521
6,120.6285,32,23.129,5,-0.7538,20461.2665
2,125.7819,76,17.3648,5,0.6333,8528.6798
4,70.2148,58,12.4853,1,0.5949,-522.1343
3,99.9632,27,0.2,1,0.3632,8534.8589
6,154.5506,1,3.7632,2,-0.7386,21038.1013
3,73.8538,2,8.8594,2,-0.4911,8104.3627
4,99.4094,10,16.2479,5,0.7282,19134.519
2,87.869,71,1.8478,4,0.598,12672.2215
1,31.4891,31,14.3626,1,1.2375,-4920.0891
2,105.0292,1,9.4011,3,-1.28,12098.2893
5,67.7212,35,3.2581,4,-0.0668,18644.5029
5,61.0973,13,7.466,3,-0.9903,14763.7268
1,74.5723,4,0.9405,2,-1.1684,10704.2449
4,131.5551,55,2.5781,1,-0.0727,8037.5879
6,105.5193,67,7.5005,2,1.704,10427.2469
5,114.402,28,2.1424,3,1.3442,16066.7636
5,79.7719,27,1.3745,4,0.2807,22570.413
3,25,65,0.3733,5,-1.0931,12935.0967
1,137.7929,41,12.3699,4,1.3127,11774.6228
2,25,0,12.7971,5,1.3301,14033.0701
4,27.7095,13,0.3618,2,0.4289,12236.5348
6,52.2491,14,9.6206,5,-0.1507,22217.6949
3,95.5933,72,4.9118,2,1.5039,926.9027
2,97.1564,55,6.1252,4,1.1166,11848.2549
2,128.4879,13,0.4859,3,-1.6734,14465.8037
3,25,16,0.2,5,0.1753,17702.8947
1,109.2695,21,3.0143,1,0.4586,5329.3355
2,124.2041,58,3.3881,1,-0.2644,1859.687
3,89.0974,40,0.2,4,0.1821,20505.1989
6,79.8365,65,15.096,4,-1.8749,14936.5696
5,121.8612,21,6.6318,2,2.1209,13449.5435
6,37.5078,58,1.7662,5,-0.307,21144.0356
3,125.1466,27,0.2,3,0.9692,12684.0014
3,135.2713,45,4.529,5,0.4982,21442.6068
3,57.0666,19,23.1278,2,-0.9309,1414.2917
5,67.5683,52,2.2739,1,-0.2901,9301.158
6,115.8019,75,13.7706,2,-0.4658,7843.8775
4,79.694,4,14.3443,3,1.7292,9672.3321
3,124.6843,62,3.2949,2,-1.4722,4007.1963
1,25,62,3.1745,1,0.2405,-4629.7872
1,171.7535,22,12.2579,4,-2.4927,20440.1544
5,131.8837,45,1.3748,2,-0.0866,15650.0437
5,25,71,8.2744,1,-1.2501,-228.4782
2,56.0673,47,20.409,2,-0.1147,-2644.7678
5,92.039,0,6.3479,1,-0.4106,14438.2875
5,108.6284,42,21.91,4,-0.2042,15786.7068
4,63.8783,44,15.3834,1,0.6435,2562.4922
2,84.6233,46,18.8716,2,1.3744,-1695.9167
4,131.6228,24,3.8358,1,-0.7604,9585.7196
5,62.7106,67,0.6307,2,0.699,5240.3635
1,89.6062,4,1.928,3,-0.3223,9940.1323
5,47.7952,11,3.6353,4,0.6073,19855.8472
1,49.1394,15,0.9596,1,1.3717,4447.6907
5,146.8324,61,1.4124,2,-0.5104,11407.4317
5,69.3988,72,4.0985,5,-1.3745,20142.9351
3,46.3415,0,10.3128,3,-0.7891,10243.6305
4,95.5271,8,23.0524,5,-0.3562,15512.8902
5,89.6755,43,2.7162,4,-0.3937,18327.8266
3,86.2863,53,0.2137,5,-2.2214,17281.91
3,111.3448,59,1.1545,2,-1.4888,7604.5536
5,174.6895,57,19.0986,4,-0.7789,16760.6912
6,149.8114,53,10.7103,3,-0.1003,17487.0361
3,87.5927,6,5.226,1,-0.8886,7450.7661
3,134.0234,31,7.8196,4,-0.2917,18267.995
6,59.1264,24,19.5903,3,-1.177,15197.3566
1,74.4157,70,19.3254,4,-0.6545,1676.3734
1,80.4524,15,0.309,5,-2.5444,17284.7647
5,128.186,53,1.5838,3,0.6756,14145.5494
5,95.0885,23,19.8129,2,-1.2232,9548.2367
6,115.6174,20,23.7964,3,-0.7008,13003.2785
6,85.1814,61,16.3375,3,0.4342,10968.5204
4,137.4081,25,7.6462,3,-0.1049,14654.7922
4,107.0139,24,12.6048,4,0.0242,17288.2605
6,84.8209,77,2.6472,4,0.0899,19680.8939
4,59.222,67,9.1573,5,-0.9792,12140.348
6,113.1811,20,4.9431,1,1.3268,14817.7356
3,152.2922,73,19.1041,5,-1.0767,14184.6789
6,98.3754,11,4.0209,4,1.0301,28506.8072
5,79.2039,47,0.6592,4,-0.3841,21241.0149
2,110.5138,2,10.3439,2,-0.9262,10174.9169
2,77.5205,11,20.4156,5,1.5334,13214.526
2,160.0354,5,0.3837,3,2.0206,15275.6875
2,42.969,30,0.2609,4,1.3022,10606.3405
5,120.0637,22,2.2211,5,0.7576,30158.1193
6,43.3758,23,30.5692,4,-1.1829,9847.4648
3,49.2874,5,12.9754,5,1.585,18457.0892
6,104.5791,0,15.8261,4,0.5709,26250.2531
3,88.1503,29,5.8547,4,0.405,15844.5274
3,75.279,63,22.2286,2,-1.3941,-4731.6424
4,62.7121,14,5.1854,2,-2.0366,12372.4441
6,135.0297,15,5.1022,1,0.2283,15012.811
5,69.9976,34,1.4198,5,-0.5445,22685.7647
6,96.5633,35,5.1525,4,-0.6573,20966.6994
3,81.696,31,13.4703,3,-0.2823,3666.2117
1,144.2147,72,3.0565,3,-0.8032,2107.1512
1,40.3229,22,4.6351,2,1.0865,1618.5051
1,96.293,60,11.3424,5,0.739,12020.9405
5,45.703,21,2.3891,1,-0.2399,10012.6912
3,77.3287,76,3.8344,2,0.3299,1292.4808
2,98.4959,29,14.8718,5,-0.7069,13942.223
5,102.4888,68,1.223,5,-0.3435,21556.5908
4,111.957,72,4.6783,1,-0.295,2520.5411
4,84.1191,44,17.0988,2,-0.8165,4917.4909
6,113.4757,61,23.9158,1,-3.0506,2249.0039
3,68.4261,23,11.8345,1,0.4083,1450.4794
1,105.3708,49,1.2123,1,-1.7591,141.0388
4,111.5568,32,11.6123,1,-1.6523,4673.7964
2,95.8662,15,9.246,1,-0.1182,4219.8661
1,27.4442,29,2.5325,1,-1.3905,-367.1467
6,76.7978,61,4.3447,5,0.3251,21931.7079
2,151.6578,40,15.3397,3,1.4317,5317.4488
3,135.1313,31,2.3967,1,-0.1116,7623.4321
6,98.3246,8,2.3978,2,0.4404,18866.6747
3,116.1036,50,9.7754,1,-0.6873,2480.9086
3,113.5966,45,2.4963,3,-1.5771,9819.6756
3,197.9551,6,21.1005,5,2.5018,25034.5827
3,70.9895,47,6.2723,3,-0.0149,6841.9386
2,76.9561,9,3.1093,1,-0.6806,8120.3609
5,74.727,37,7.905,1,-1.0538,9271.7944
3,80.4915,49,2.2836,2,-0.8104,6909.0453
1,77.9654,49,2.7796,1,-0.3135,305.231
2,64.5227,32,5.2415,1,-1.278,2970.8243
3,104.3969,48,10.5556,2,0.485,2440.4077
5,104.624,11,4.9645,2,0.723,16434.038
1,42.8366,14,12.8318,1,-0.4658,-726.5108
4,88.8199,53,3.2309,5,0.9474,17944.664
5,90.2867,2,5.0149,1,0.8465,13089.7892
3,56.7141,19,0.2,4,-0.4176,18372.1322
3,123.857,69,0.9358,5,-0.7438,21878.4877
2,94.2346,9,1.8933,3,1.3798,11750.5756
5,139.0144,31,45,4,0.4031,9255.5948
5,86.2833,71,0.2,4,-1.3442,17994.5606
6,95.7845,32,6.789,2,-0.391,15968.4337
3,29.2586,31,16.6071,1,-0.1672,136.9373
3,135.2194,10,5.4284,1,-0.6724,8309.256
2,92.2867,0,12.6353,1,0.4096,3241.5826
1,77.7967,52,3.932,2,-0.8462,722.053
6,86.0535,54,6.639,3,0.2794,12760.0781
3,126.2012,51,23.1646,1,-0.013,-5429.4979
3,146.0154,5,2.6588,4,-2.159,23041.0185
2,164.1552,2,5.8627,4,-0.4632,24340.2769
5,90.8517,65,13.1825,4,0.697,14464.5268
4,67.5775,24,6.4602,5,0.0935,19473.4885
6,45.8456,55,5.7325,2,-0.1046,8149.3585
6,123.5733,57,15.3456,3,0.0617,9841.1464
1,140.3528,53,0.2,4,-0.7112,18231.6227
2,38.6603,14,2.0021,5,0.7972,15141.1036
6,121.9767,34,6.1148,2,1.0221,17146.898
4,121.2542,19,0.5656,3,-1.6109,17522.3139
6,107.7946,6,35.0807,3,-2.4926,7131.5281
2,168.497,67,35.4578,2,0.6976,-9529.626
5,120.731,5,1.0313,1,-2.8223,15295.6826
3,92.6387,52,14.0775,3,-0.0863,3517.4482
5,67.2723,56,45,2,-0.101,-6475.5498
3,83.1903,72,14.5451,2,1.5309,-1671.8431
3,111.3923,11,3.2978,2,-0.6171,11280.0776
2,162.0686,55,11.6941,5,-0.0813,18499.4834
6,108.2801,15,2.489,3,-1.0961,22499.6067
5,100.1986,75,7.3268,4,0.2141,15564.5185
1,75.8239,47,3.6305,2,-1.2857,2260.1424
5,72.1622,2,11.1602,1,0.2715,12000.6805
5,112.6123,27,2.461,3,0.9695,16785.3146
5,73.2122,76,0.7459,2,0.6393,7580.2634
5,78.4209,7,3.1401,4,-0.422,22780.7237
3,84.0339,31,5.5796,2,1.0965,8556.0579
5,81.911,47,6.0284,1,0.2434,7299.5218
3,25,45,10.4153,5,-2.1037,8502.8954
2,128.128,12,0.4052,4,-0.6606,20341.8576
4,25,71,2.5185,3,-0.48,5025.1845
6,85.6403,1,5.8483,4,0.91,27953.332
6,98.6887,79,3.371,1,-1.2058,5847.3757
3,86.4619,30,4.1628,2,0.1777,8313.1132
4,99.3086,35,0.6553,1,-1.0414,10332.4008
1,104.1944,12,10.8717,2,0.8013,7371.7515
3,86.1723,0,0.2,2,2.6871,11126.0362
2,122.3356,42,17.1016,4,0.3189,13032.7314
3,39.5209,18,12.0047,4,-0.4128,13035.6935
6,70.466,74,23.5243,4,-0.9007,10025.1148
1,86.8275,38,1.1502,2,0.31,5102.7197
4,176.4357,20,0.2,4,1.3612,28982.7962
4,146.1704,41,8.7985,1,1.2166,7552.9451
5,106.0251,33,15.0548,1,0.3966,7087.1047
3,85.1769,65,10.2574,5,1.5434,13197.6051
2,138.8579,49,20.6671,1,-0.4257,-2222.7449
6,66.4687,11,2.8493,5,0.2317,25525.8914
5,184.582,12,2.8459,3,0.2289,24037.32
5,33.5622,4,4.3098,2,0.86,11566.1337
6,112.7626,46,13.852,3,-0.9443,12056.3067
2,109.9372,52,0.8139,5,-0.0767,17764.0285
6,136.0805,56,15.6872,2,-0.5603,10178.5662
3,89.7487,45,3.0586,4,0.6754,16859.7632
3,112.1506,36,14.3142,3,-0.5505,10049.4029
4,128.4855,57,2.7989,3,-0.3545,12653.1713
5,119.9956,50,7.7376,4,0.2014,19109.8584
1,110.0518,44,1.2222,1,0.1577,3461.5192
1,109.1876,48,1.738,2,-0.0388,3976.4261
4,52.8601,40,4.2964,3,1.4356,8998.1706
1,79.2503,12,3.0481,3,0.2676,10638.7444
3,179.8696,14,1.8101,3,0.9604,15936.9187
3,175.2135,63,18.1003,1,-0.5531,455.8911
2,63.0443,51,7.784,1,-0.6934,-1233.9763
1,90.8259,6,15.0258,3,0.3094,5104.5788
3,103.0727,22,9.8297,2,1.6583,7999.056
2,127.2739,31,3.8292,4,0.5434,20010.3201
3,59.3603,61,0.6134,5,-1.7024,16784.1879
2,120.5564,49,1.4565,3,0.2076,9467.905
3,82.4925,12,2.6507,4,-0.6583,19987.9802
2,113.8145,79,6.565,1,1.3986,-1194.9004
4,116.972,7,8.1154,3,1.2139,16928.5599
5,75.8309,69,8.7846,3,-0.4477,6699.6901
3,119.5259,27,10.8548,2,0.3613,9137.9401
2,59.8263,36,15.7509,1,0.3119,-3157.7359
2,71.9756,73,0.3367,2,-0.3363,1410.7066
4,115.4934,51,8.7132,1,1.0057,3021.6289
5,67.2549,72,3.0761,5,0.4712,20129.585
3,114.6879,64,10.6188,4,-1.7701,11941.4718
3,104.8706,55,5.543,3,0.5991,7757.1141
6,102.0652,7,12.5719,3,-0.3873,16433.2585
3,33.1123,34,6.8329,2,1.3641,3856.4544
6,52.1786,8,7.5757,4,0.2797,21929.2819
3,68.0922,44,0.318,1,1.7484,2564.8752
3,50.108,57,6.0811,2,-1.1276,3550.9044
3,88.6464,1,15.1586,2,-0.1978,6705.6888
4,127.0222,24,3.3473,5,1.9967,27544.7646
2,49.818,11,8.5763,1,0.429,3101.803
5,58.5407,33,4.5765,5,0.6176,20834.6033
1,142.119,54,5.1345,5,2.2335,18425.7714
1,93.8615,3,6.993,1,-0.268,5212.4858
3,168.1749,8,4.2309,1,-0.7073,10629.0811
2,112.963,53,12.6763,5,-0.1278,13242.1853
2,83.1834,61,12.953,1,-0.2462,-4886.7437
2,45.7729,36,2.7966,3,-0.8223,8710.9343
3,119.9391,27,2.8315,1,-0.1256,6037.3171
3,66.4608,45,5.0032,1,1.0392,5246.6746
2,117.9174,10,4.2369,4,-2.6669,20917.8117
5,96.086,13,18.6419,4,-1.6258,19526.6578
2,140.0502,27,10.1636,3,0.2463,6671.1767
1,124.6762,69,2.3015,3,-2.7088,6241.7835
6,74.9933,12,2.2677,1,-1.4369,15775.1259
2,55.7047,28,4.0632,2,-0.1498,4718.7628
4,117.8449,45,4.3545,2,0.4434,10310.8909
3,191.6158,66,16.3326,5,0.1877,19664.3596
3,115.2293,24,9.289,5,-0.5705,20074.3864
1,25,16,1.5023,5,0.3545,14563.9665
2,113.1876,44,11.5526,3,0.7008,7043.9596
2,148.7897,37,1.5623,4,-1.0467,18055.0737
3,65.6276,31,5.0406,3,1.3584,6961.7867
4,140.1538,38,20.337,1,-1.6033,2324.0707
4,116.4454,14,8.8643,1,0.0561,10128.5572
6,180.855,43,0.5379,1,0.2805,20959.6269
1,110.5534,73,13.5314,4,0.0097,7471.3186
4,78.1477,70,17.834,3,-1.3638,2827.4922
1,72.4358,34,4.6086,5,1.0514,13855.3065
3,129.7861,70,8.5348,4,0.5342,12979.1169
4,110.7421,29,6.8156,1,1.59,6982.7555
3,51.2435,9,5.3705,5,0.5901,21284.0259
2,38.3769,49,6.761,2,-0.5674,-1759.8594
4,95.8199,59,5.6979,3,0.5031,9286.6356
1,81.4062,75,0.9243,1,0.4693,-2794.1846
4,60.3546,34,9.2924,1,-0.8606,5891.8361
6,112.0763,78,1.6752,3,-0.3275,14392.5384
3,95.0018,2,6.9693,1,-0.0154,8322.5376
1,113.8321,28,9.9152,3,0.6775,6176.4329
5,106.9579,11,1.6639,4,0.7821,28081.6799
5,98.0988,49,4.0708,4,-0.2173,19767.2426
5,40.2383,33,2.5535,2,0.3192,8312.2249
4,109.3265,62,3.6625,4,-1.1987,18946.9981
2,109.4704,36,9.2083,2,0.0448,5065.5442
2,90.4658,58,2.9178,1,1.436,2340.9549
4,25,24,1.9647,2,-0.2163,11181.2071
3,131.4471,22,1.3992,1,-1.5336,5843.2687
4,87.2782,2,2.6151,3,0.481,18228.0582
1,107.2842,51,2.1644,4,0.2044,12564.5426
5,80.1071,11,12.429,2,-0.8569,13423.4941
1,78.6968,55,3.7038,1,0.8799,299.0388
3,126.6272,38,21.368,5,0.5752,14649.3684
4,56.7665,77,4.3251,4,-0.9771,11002.6347
5,82.481,51,4.6731,4,0.1361,15904.7283
3,60.0342,57,12.5687,1,1.5537,-1910.9177
3,78.8853,72,13.0259,1,-0.2444,-2223.1563
4,110.4445,49,1.4646,2,0.3944,8161.9585
6,77.7071,55,3.7275,1,-1.0641,8804.955
2,111.8879,1,6.3287,5,0.2866,23244.8841
1,82.5223,13,2.0702,2,0.7951,7635.6141
3,134.35,66,4.6157,5,-0.5574,20903.5615
4,51.5526,21,3.3806,2,0.1142,7568.107
2,75.4321,1,22.9315,3,-0.1373,6505.1148
3,151.8201,42,3.5619,1,-0.7434,7283.7841
2,68.67,24,13.2349,1,0.8672,1100.2381
4,94.4728,30,5.8436,3,0.4547,14807.7421
4,54.4053,41,1.4822,1,0.1458,2580.6647
2,147.1255,3,2.6574,3,0.3191,14171.1893
6,87.9436,52,6.7117,3,-0.7967,15808.3994
5,67.0443,56,2.175,2,0.8655,11665.4193
2,95.33,52,1.6247,3,0.8683,5065.5832
3,65.0286,57,1.5022,2,-1.3776,4519.9385
4,113.7654,46,9.232,5,-1.0001,19563.8051
2,63.6289,9,1.2193,1,-0.7722,5731.3993
5,82.2648,37,4.008,5,0.7512,22560.6664
1,110.1171,63,14.0551,3,-0.6078,-1590.652
3,106.3211,2,4.1484,4,0.1299,21981.6592
3,80.8256,19,4.6535,3,1.2048,9940.181
6,113.2321,37,6.297,4,-0.3159,24314.3285
2,118.3899,20,25.0165,4,-0.8053,8213.4772
3,158.5611,72,8.6977,2,-0.8987,4688.071
5,104.412,27,17.159,4,-2.4572,17783.7557
3,67.4941,41,9.9235,2,-0.3034,2000.7712
2,59.5574,47,2.7965,4,-0.9093,12188.9703
2,102.2548,26,2.9052,4,0.4231,16768.3662
6,84.6021,3,4.1414,4,1.8578,24515.6538
4,41.4621,2,6.2507,1,0.1729,5792.1538
3,119.2763,24,1.1808,3,-0.5597,12520.6643
5,32.0518,52,12.2267,1,-0.6882,-523.0245
6,59.2517,26,18.5333,3,-0.4411,13681.8684
4,82.3381,47,1.6978,5,-1.9894,19062.3137
1,160.7506,34,2.1642,4,-0.6518,20646.5619
4,90.9499,11,34.5515,2,0.5674,2634.41
6,65.3816,43,12.1858,3,-0.4565,11884.48
3,113.2927,72,1.9802,2,-0.5633,7726.3741
5,46.4414,2,5.2925,2,1.0464,12262.7235
2,110.2546,62,7.088,4,-0.0375,12504.1344
1,54.8548,15,6.4605,1,1.9477,-1095.618
2,78.5495,28,4.842,4,0.7312,14266.5253
3,87.8556,54,7.7117,1,3.6991,-408.9074
2,66.0959,43,1.7338,1,-0.1213,808.3774
6,124.7077,71,9.7909,1,1.2348,7423.5651
5,60.5575,63,5.1308,1,-0.999,5505.4936
5,48.2487,2,30.9605,1,-0.866,915.5737
4,62.0943,39,2.4475,2,0.7898,8181.9201
1,152.3499,36,10.0047,4,-0.4303,15027.0271
1,140.6111,42,4.8677,4,0.823,16849.6187
2,90.2849,37,3.0098,2,-2.5886,3448.4981
1,73.6083,7,4.7778,5,1.8228,16784.4141
4,69.8979,28,1.201,2,1.2799,11278.5292
4,116.5312,44,4.8002,3,-0.0805,11154.8394
3,109.8534,46,0.735,3,-0.1923,10558.984
4,58.232,0,1.8807,1,0.7847,10054.9927
3,98.7902,20,4.05,5,0.715,23018.61
3,99.2539,10,2.9345,3,-0.5373,15119.8004
5,143.3534,65,16.5407,2,1.2071,7977.6292
2,102.3036,44,0.7309,5,-0.2571,19080.0576
1,110.1851,70,0.2,5,0.311,15181.5671
6,119.1244,67,3.3041,2,1.0123,13868.0922
2,61.0055,61,19.4054,2,0.844,-2706.1298
2,122.3136,14,6.9922,1,1.0366,5631.1577
2,80.7105,17,6.8169,4,0.0608,16442.177
4,120.438,70,11.6556,2,0.0972,2843.4137
3,31.8795,66,15.5344,5,-1.113,4445.9298
4,56.6637,75,9.2276,3,-0.6446,3202.9827
5,135.4259,17,26.3711,4,-0.1699,19710.6532
5,146.5984,2,18.5321,2,0.7438,11600.4728
4,68.4081,61,4.6864,2,0.651,1848.0514
5,25,30,5.0965,2,1.4041,9064.8444
3,81.8335,53,0.2,5,-0.9519,20150.0312
4,99.2575,46,5.8497,1,-2.0682,4215.2894
2,125.2749,59,3.1167,3,1.8584,9839.2644
1,108.5112,37,6.6926,5,0.6051,14638.1924
2,46.1825,3,6.6837,4,-0.1398,12316.5538
2,102.1611,43,6.5434,2,0.5755,5743.8673
3,148.2521,6,1.4982,2,-0.7545,13345.0005
1,66.2369,67,3.5243,5,0.216,9652.8825
2,113.8903,53,3.6707,1,-0.4002,301.4143
2,67.4368,10,1.6849,5,-0.9183,20263.6099
3,94.3081,69,4.3918,5,0.21,16814.408
5,99.5015,63,14.1125,4,0.1949,16021.9784
2,113.7463,0,1.9647,3,-0.7805,13964.5196
4,92.2066,31,1.509,2,0.7761,10642.8835
4,128.0685,56,1.8841,5,-1.6103,22915.5721
4,116.5343,29,1.1595,5,1.4359,26959.3201
2,53.1629,74,6.6551,3,0.5696,2684.6895
1,71.7563,22,9.6418,5,-0.9465,12728.5359
6,91.054,71,3.705,4,0.0045,16223.9497
3,81.7802,46,21.1009,2,0.5177,-719.2372
1,68.2066,45,35.8624,3,-0.4909,-7649.6583
2,63.7968,48,13.6887,1,0.9544,-3551.09
5,138.1818,29,12.9933,3,-0.7339,14509.3042
5,25,70,0.2211,2,-0.3331,7025.0752
5,168.0984,49,37.6258,3,2.3283,4859.7938
6,79.778,45,7.9947,4,-0.2243,20415.5611
3,96.9527,39,5.7083,5,-0.5494,19047.3459
4,169.9522,57,4.0695,4,-0.4134,19891.6422
6,129.5174,56,9.6471,3,0.4666,12738.895
2,130.0407,55,0.2,1,0.3693,2946.2259
1,81.6139,11,6.6587,5,-0.6253,18504.2997
4,105.1897,20,3.4932,4,-0.1074,23517.679
4,68.2316,22,2.5365,2,1.2491,10392.9073
5,116.5139,51,20.345,1,-0.915,903.9324
2,83.6011,26,6.6765,4,1.9486,16276.8709
1,78.1357,71,17.6754,3,1.6603,-3595.5001
6,135.1832,76,8.7793,5,-0.0438,26228.4813
1,156.8402,26,8.8267,4,0.9189,18246.469
4,86.3831,51,14.3648,1,0.4751,-1010.9052
3,117.6657,46,2.2282,2,-0.2972,8513.3428
5,31.2146,35,10.3712,4,-0.5672,15096.8691
5,78.2884,66,2.8969,2,0.3566,7091.5367
3,58.7471,45,5.6321,5,0.0093,15468.0949
5,108.75,10,11.5273,1,0.361,10917.3639
1,102.758,32,2.4235,3,-0.2304,8718.4221
1,142.7664,26,22.4307,4,0.8238,11198.6995
1,85.8103,8,1.3717,5,-1.2816,17455.7997
1,118.644,35,6.5605,4,-0.2729,15994.8838
5,90.9315,50,2.7438,3,0.4251,13217.3097
3,74.4172,71,7.5762,1,0.1228,-1899.6975
5,39.8933,70,4.6732,5,-0.0942,13493.7881
4,82.2518,41,6.0693,5,-1.0842,19758.3212
1,75.7929,51,10.7532,4,-0.2039,7648.5706
2,139.0298,16,0.9005,5,-1.4287,24444.449
2,126.6411,57,8.0441,2,-0.7079,4478.6603
5,83.4759,10,2.3927,2,0.2226,15383.0739
6,83.173,45,5.1459,5,0.7297,25187.6426
4,112.7424,21,4.4669,5,0.5182,22613.3511
4,64.174,79,19.6468,3,-0.6709,-758.9934
2,63.97,38,0.3237,3,1.2916,11097.048
3,59.0559,64,26.1107,1,0.2726,-11177.8867
4,71.7271,20,1.4886,5,-0.3885,25012.9604
5,85.0848,77,2.2339,5,0.4455,21435.7972
4,48.9066,1,10.5931,4,0.2064,16491.2293
2,103.4258,7,25.3167,1,0.5388,-1631.0008
1,143.3086,2,5.9797,4,1.1439,19507.2721
3,102.7848,76,14.1025,5,1.6761,11164.8295
2,74.0566,2,0.909,1,-1.1301,9984.7204
2,108.6433,41,5.145,2,0.089,5089.9191
3,73.584,12,10.1848,5,-1.1879,17745.9333
3,73.1421,58,13.3443,2,-0.8562,-675.9117
5,87.9521,9,12.3314,2,-1.0131,13201.0991
2,116.2301,48,7.9263,3,0.0552,6553.399
5,94.8656,64,9.2122,5,-0.0954,18959.6046
5,73.4024,48,5.476,3,-1.0588,12193.9922
2,186.4025,46,1.7193,2,0.6884,9293.203
5,50.0473,51,5.1575,3,-0.2475,9159.0269
3,73.7264,65,1.3187,5,-0.9687,14797.6677
5,25,54,1.8003,4,0.4606,12540.7012
5,98.267,13,8.4386,2,-0.0967,12161.7813
1,89.518,12,16.7069,2,0.5477,1015.2469
3,91.7497,73,2.0508,5,0.3575,12566.7295
2,74.489,44,0.7625,2,-0.8788,4564.946
3,118.1726,66,13.0875,5,-0.3413,15058.63
4,73.2519,50,1.0567,4,0.0827,15765.9929
5,104.3566,59,5.3825,5,-1.5031,21443.3956
3,90.696,23,0.702,5,-0.492,23740.6
1,121.0146,61,11.6564,3,0.5688,572.9736
1,75.7142,0,7.1605,2,-1.2048,7512.0587
3,88.9884,30,4.2064,2,-0.9163,8566.1628
6,53.8027,74,3.1821,4,-1.1957,16667.6162
1,83.01,7,17.9108,2,-0.9964,1927.3536
4,33.6176,77,2.0469,2,-0.124,4211.1244
4,63.8998,50,3.271,5,1.621,17923.3705
5,135.5464,27,5.0516,2,2.1749,13794.6306
6,121.0049,32,12.2329,1,-0.2391,8987.9219
3,118.0876,3,23.7101,2,2.445,3661.1782
4,107.5822,6,6.3552,5,-0.2675,26516.4672
3,84.5401,60,22.5324,1,0.1607,-5022.5854
6,61.3181,10,2.9808,4,-0.0242,25797.6379
4,130.0272,44,0.5178,3,-0.1189,16649.7677
2,110.237,63,1.6248,4,0.6323,13337.9284
4,124.7866,51,7.6674,3,1.1817,12305.6203
6,112.154,0,7.4881,1,0.9616,14503.064
4,93.5527,79,15.5705,2,-0.1617,378.0205
4,101.9835,43,3.6694,5,-0.0599,19846.049
2,65.7722,8,1.5286,2,-0.2517,8258.8106
2,98.8887,42,15.7504,4,-0.3417,8845.2367
5,121.2,71,7.5433,4,0.5583,15855.6532
3,97.9328,20,0.6553,5,1.3941,21708.1569
4,98.5383,22,5.602,3,0.87,13306.1892
6,49.9702,24,7.5793,1,0.022,10762.885
3,69.1263,57,4.3646,5,-0.2775,12368.9057
3,81.7157,59,10.1898,3,0.6519,2262.0113
3,42.7319,67,4.6641,1,-0.7136,-2891.8021
3,134.0463,24,2.127,2,0.9475,11320.2315
6,100.6186,74,0.5406,1,1.1356,10423.2746
6,110.2627,73,6.9795,5,-0.5854,22730.0202
2,79.1597,26,9.4051,1,1.0758,685.915
5,98.4242,7,3.6071,1,0.2656,12888.3832
1,131.9468,66,0.7916,2,-0.1084,3907.8169
1,110.6137,63,11.4915,5,0.1498,12891.32
3,181.4441,14,4.247,2,-1.0849,14500.5592
2,121.5591,15,26.1693,3,0.119,4251.3034
2,101.7741,7,18.0239,2,-2.1103,4172.738
3,57.1747,64,5.3225,3,-0.6996,5922.9631
1,54.4772,32,11.2772,3,-1.8875,2043.1058
2,123.1396,73,34.8878,4,1.5227,1010.3297
3,83.0606,4,11.565,3,1.3628,11062.6527
6,107.8418,8,2.9972,4,2.2383,29509.0763
4,78.6092,43,0.2,1,-1.4189,4822.9542
2,104.4468,58,6.8846,4,1.3962,12423.7792
5,147.9054,45,9.1297,4,0.8686,20652.1991
5,42.9634,63,4.0197,1,-0.3439,3479.4466
3,88.4182,35,5.0853,2,-0.2681,7947.0144
1,77.9638,38,2.6369,1,-0.7191,-446.8246
6,37.5323,20,16.4262,4,0.8411,16308.6352
3,109.2823,36,9.4624,1,0.8538,3685.1212
5,102.173,22,8.3259,5,-0.6336,26815.9775
4,114.1798,75,17.3575,1,-1.2005,-1448.21
5,128.1433,42,4.9194,2,1.2508,12460.4185
2,106.6179,4,1.7219,1,1.9969,5372.0549
4,123.7283,27,3.8424,3,-0.426,15725.7606
5,116.5751,1,5.3963,5,0.2542,31788.094
5,83.7923,30,5.5316,3,0.624,9937.6721
3,93.1453,54,19.7596,4,2.2836,7518.7417
2,42.9594,17,3.1771,2,0.0856,5689.8081
2,156.9581,42,5.4909,3,0.3968,7956.7816
5,104.8425,35,23.3421,3,0.034,11254.1095
1,28.7856,32,27.9868,1,1.0982,-9435.0637
6,124.746,35,4.8501,2,0.5437,16962.4863
2,48.7723,55,1.4722,4,-0.1238,9692.2115
2,102.9591,6,1.1855,5,-0.1062,20141.8341
5,82.826,49,9.5532,3,-2.7175,11727.8561
6,108.3264,31,19.489,5,0.6288,19471.9732
6,107.6877,12,1.0925,4,0.391,27865.1862
3,81.8673,36,7.4096,4,-2.3939,14523.3805
3,88.9527,75,0.9151,5,0.6176,12738.7374
2,96.6271,29,13.0752,3,-0.417,6203.0148
4,90.8299,58,0.219,1,0.5548,5887.0592
1,104.4759,20,3.3399,2,0.3384,6029.3507
6,105.6234,48,4.1445,2,0.7845,13220.7601
1,100.1359,9,0.2,5,0.3529,20724.7992
2,72.4664,77,2.2254,1,-0.5427,-692.5541
6,157.7388,9,3.2744,1,1.5493,19463.9188
4,44.1412,60,9.1281,5,0.7593,14066.3048
3,110.9868,3,7.7211,2,-0.1969,12425.9126
5,39.3331,0,1.33,3,-0.9386,16506.0028
4,116.1333,43,3.4506,4,-0.1103,19723.041
3,83.4478,22,3.1454,5,-1.3426,20637.8557
4,80.0103,78,30.7961,2,0.8821,-4721.1878
3,71.4606,20,0.869,1,0.6732,6828.2995
4,139.1636,54,3.471,1,-1.4361,7336.8758
3,81.9668,10,3.6509,4,0.0066,18594.4699
5,74.1518,13,21.7703,5,0.3159,18007.5451
5,55.4818,53,5.046,5,2.3384,16059.4127
5,82.4677,17,7.6936,2,-0.5245,13570.1769
4,118.5577,46,2.9028,3,0.0978,9901.8726
3,94.6057,21,2.5888,5,-0.502,19765.4651
4,96.7694,55,6.3404,1,-1.0518,4627.8549
1,53.5964,17,1.6439,2,-1.2369,6881.8003
1,57.908,20,5.4604,5,1.2253,13987.5523
1,153.8695,5,12.811,5,0.3557,19388.7159
3,40.1402,0,8.0147,5,-0.613,16427.9316
2,91.4472,55,1.0481,5,-0.4459,14739.0924
2,75.9263,68,0.8072,5,1.3017,14640.3166
2,63.6512,19,0.8732,2,-0.827,9666.9771
4,82.8446,49,5.1038,3,-1.5176,11348.2309
1,93.999,61,3.6418,1,1.2854,-3536.4244
1,39.1096,70,3.6181,3,-1.3746,-1442.6368
4,104.593,14,5.7649,5,-0.7939,22620.8864
6,130.1286,50,4.4298,1,-1.4896,12826.7049
2,96.6663,21,0.5692,4,-2.1104,18727.2667
3,120.6197,51,6.6206,2,-0.434,7314.3526
5,98.3141,3,5.7411,4,0.9861,22995.1853
5,91.0384,10,8.9541,2,-0.2579,15192.2574
2,135.7079,11,1.5278,1,-0.5892,8347.4313
6,146.1328,45,3.3222,4,-0.177,26582.2456
4,30.6953,64,12.8077,4,-0.3396,7438.3043
2,55.9972,61,9.4997,1,0.0279,-2006.4451
5,175.3434,28,7.6582,3,-0.2784,19092.2183
1,71.2784,47,1.586,4,-0.809,10783.2004
2,25,11,10.8648,2,1.0612,2803.0263
4,103.4556,12,8.6532,3,-0.3351,12632.2101
2,86.6179,77,5.357,1,-0.233,544.9322
2,75.7869,67,6.6029,2,-0.037,1069.2917
4,103.9151,24,7.8395,1,-0.9778,7621.6702
6,89.3358,54,2.3113,2,-0.539,13932.3018
5,25,4,5.3747,2,0.1166,12453.9891
5,25,56,1.9848,2,-0.4878,9061.07
5,67.1233,69,2.6854,5,0.245,16858.4762
5,42.5559,19,10.0388,3,0.1656,12278.8491
5,44.9422,51,10.63,3,-0.375,8025.3549
2,66.5551,2,8.479,1,-0.1967,7149.7089
4,113.3145,56,6.4372,5,-1.0019,19748.6504
5,64.6939,36,1.321,4,-1.4536,20378.8762
4,113.2976,50,1.4154,4,-0.951,21187.5185
1,122.1559,23,1.1983,1,2.4573,4502.9477
4,121.02,11,3.1346,1,-1.7574,11495.242
3,85.2707,10,29.8622,4,-0.8012,9669.5419
3,58.716,33,13.4666,3,-1.4723,8882.7794
6,70.8655,49,4.2121,1,-1.523,9221.4647
2,84.085,34,0.8216,5,0.3392,18522.6836
3,127.5728,27,13.5224,1,0.8648,6669.6478
1,112.4405,49,2.5902,1,0.94,1784.0314
6,32.9754,7,8.8603,5,-0.0577,21589.6542
5,83.6639,75,0.2,1,-1.4893,5294.7776
4,58.2672,53,4.786,4,-1.0826,12487.0744
6,62.8038,64,2.5,3,-0.2932,13609.0496
2,91.2943,66,0.4796,4,-2.0233,12657.9504
3,25,52,6.3441,3,-1.7614,4988.6937
6,125.448,21,6.7662,5,-0.9449,30830.2058
4,53.2572,65,5.4854,1,0.6187,2236.3042
6,91.7185,61,4.6576,3,1.7683,14136.9386
6,81.4731,22,1.1348,4,0.855,23731.0893
6,103.7283,46,0.402,2,-0.6573,17871.2683
3,116.0633,55,10.7334,3,-0.1055,7349.2333
4,74.7062,52,18.3163,2,0.8869,1083.6209
2,61.3373,7,25.244,1,-1.3702,-2143.0721
3,93.811,75,3.4583,3,0.3855,9328.7494
5,67.8979,44,6.8495,4,-0.3362,17219.3093
2,95.6622,67,3.6746,4,0.2586,12833.1809
3,147.9324,1,12.9666,4,-1.8793,20287.849
6,83.6571,23,4.0992,1,-0.4976,12809.1755
1,67.9565,6,1.9282,5,-0.2168,17542.8474
4,36.158,39,0.2,3,0.9916,12173.7083
1,115.9284,26,4.8013,5,1.527,19562.0286
3,134.216,21,7.0151,3,-1.4153,15707.3679
5,73.1201,67,8.7611,1,1.3364,3988.9445
1,83.426,51,3.2021,4,0.6019,12296.9634
6,142.9649,55,4.5081,2,-0.5736,14974.8249
1,78.5107,41,0.8262,1,-0.0807,1652.2196
3,43.537,70,12.3624,2,0.3437,706.9913
6,128.3865,70,2.5401,4,1.0998,22221.5797
4,77.9377,5,1.9932,1,1.1574,10689.0213
3,97.7402,69,13.0928,2,1.5025,1338.5225
1,57.9648,61,13.0527,5,0.0079,8362.1779
1,74.5074,22,1.9075,5,-1.1414,17497.6718
3,90.3032,57,2.927,3,-0.0535,9729.2151
1,38.5162,43,5.1753,4,-0.0627,5701.8013
2,82.2463,54,1.243,1,-0.2912,2121.0901
3,123.5869,63,2.5749,5,1.3654,18470.9196
1,112.2384,28,6.7682,4,-0.8476,15067.3947
2,72.8466,6,8.9036,5,-1.2781,17070.1107
2,91.0554,41,5.6919,3,-0.4615,3353.4202
2,79.951,37,20.3145,1,1.7381,-4407.6479
2,101.9672,0,7.8949,1,1.4338,6819.3518
3,99.338,1,14.9992,5,-0.5042,19130.6061
6,44.5342,56,1.2448,4,0.4305,18338.8637
2,59.1697,66,15.5987,5,2.2613,5831.1534
6,25,15,7.9155,4,-0.0802,18686.9285
4,82.8866,24,22.5014,4,1.9386,10448.5603
6,146.0317,1,2.8903,3,1.8364,26238.3086
2,40.7812,20,0.2,3,-0.5465,9144.7005
2,99.487,52,9.8509,1,0.1711,6.8119
3,145.1879,66,6.776,3,-1.1085,7231.8048
6,75.2209,30,8.5884,2,0.9502,12527.7396
3,112.2686,54,23.0624,5,0.7616,12026.1378
2,58.3421,7,10.1694,5,0.52,16864.9165
4,125.5103,69,11.0089,4,1.2326,15862.5592
3,82.5711,58,2.6361,5,0.1549,15904.2674
6,102.4787,57,3.0696,4,-0.0423,22450.5312
5,127.8762,10,2.568,4,-0.4512,25838.5973
6,77.5819,38,4.071,1,-0.1092,8800.6367
5,82.6565,68,16.5551,5,-0.1969,14362.4833
1,55.8982,11,11.4589,2,-0.216,2637.8402
1,95.3258,27,3.2624,1,1.361,4053.6252
5,77.3261,61,8.5617,2,0.9677,3895.5268
3,127.4199,6,6.7088,2,-0.4489,10964.0984
4,100.0879,3,0.4687,3,-1.2415,17991.4683
3,82.6662,5,7.2883,4,1.0939,16951.1682
2,139.9187,52,1.0939,2,2.0907,8412.4916
4,141.813,16,0.46,1,-0.4026,14193.3138
4,25,50,3.7105,1,-0.9755,2695.8318
3,55.64,7,18.0979,3,0.3431,5410.6452
5,129.9425,26,0.2,4,0.2573,26419.0511
5,109.476,33,14.8573,2,-0.3485,8834.8755
6,95.1551,15,11.9673,3,0.2286,19681.2352
3,66.6917,62,0.8034,3,-0.137,8735.1381
5,71.8373,73,7.3602,2,-1.4831,6622.1051
3,121.0116,72,8.7558,2,-0.5059,4002.4233
1,78.8077,14,27.2048,2,-1.1534,1761.5407
1,25,4,3.7025,2,-1.6217,3509.6148
4,49.4565,73,23.4354,5,-0.9474,5391.3324
6,90.3992,40,0.2956,5,0.3686,26791.4013
1,87.2848,20,4.7713,4,-0.8371,17035.4461
2,112.0725,0,0.2,3,-0.4721,17191.4009
6,25,14,3.6742,4,0.7266,20839.4041
2,53.5592,20,4.9405,2,1.0884,3520.2989
6,62.3813,21,4.236,3,-0.2928,16895.6015
2,138.3605,53,1.9842,5,0.0102,19246.2292
3,98.2539,60,5.2953,1,-0.0122,3282.1476
3,62.168,60,5.7529,5,0.4876,14729.1027
6,41.3972,7,22.1044,2,0.5044,7832.4235
4,67.4433,26,22.423,3,-1.7448,5800.0687
1,95.7845,46,2.2556,1,0.6955,3278.3894
3,103.4914,37,4.12,4,-0.0772,19820.3761
2,41.2104,45,24.8873,1,-0.175,-11137.8758
5,106.951,41,6.2093,2,-1.897,11736.0355
1,67.981,4,4.7126,3,3.0869,7397.5994
3,96.0201,56,1.8296,3,-0.6654,7056.5806
1,94.0118,21,17.3896,4,0.6286,8223.8592
2,43.228,14,24.526,4,0.8571,6785.8584
1,25,44,3.1467,3,-0.6717,3375.0468
1,80.7722,44,10.806,4,1.1575,10984.9552
1,126.0326,52,1.7045,1,1.1926,401.2532
4,66.7288,68,0.7198,5,-1.5413,17516.1804
4,100.2136,66,0.4477,4,-0.7888,14736.1567
4,121.4976,47,7.8401,3,0.4732,10052.7232
6,182.8063,64,5.7728,5,-1.2999,29866.3825
4,76.1912,66,4.9068,5,1.2737,15872.0806
1,85.5936,77,21.8747,3,-0.5464,-5945.4788
4,120.2861,16,4.577,2,-1.0926,14763.9662
5,73.2065,45,14.923,3,3.1055,8890.5284
1,130.8901,47,4.8784,4,-0.0282,13434.5201
5,49.0448,47,18.5083,2,0.2074,4553.1599
3,92.0158,36,0.716,5,-0.2955,20559.2722
6,106.1389,56,0.2,2,0.7734,13273.7854
4,74.1622,41,10.8253,2,-1.1371,6654.8547
1,89.072,23,3.6262,1,0.2696,2830.5725
6,122.4659,37,1.5881,4,-0.3351,25013.9015
1,79.5903,1,0.4634,3,-1.2313,12883.108
1,45.4948,56,10.6407,3,0.7774,-1341.2318
5,132.4331,67,17.8567,1,1.4932,468.1272
2,97.395,39,7.4607,3,0.3776,7127.2307
2,134.2554,54,12.9973,4,-0.51,11403.7671
3,102.4727,20,4.3184,4,0.8827,19512.0851
4,116.9942,79,6.8634,4,0.5996,12533.8299
1,72.0426,23,12.5636,5,-0.8922,12806.5194
4,131.3428,29,2.8815,4,1.1023,23124.2957
4,100.2057,68,0.2,5,0.1634,18696.6137
6,75.9879,32,11.4973,3,-2.0408,12096.0188
4,54.2741,0,2.0612,3,0.9525,15666.5588
3,44.7995,62,5.9313,5,1.1783,12240.615
3,137.9108,32,12.8881,3,-0.1978,7700.1616
4,76.1515,38,20.5531,3,0.5832,5656.9173
5,80.668,5,0.2448,5,0.7605,29629.9089
2,106.2558,59,2.2574,2,-0.1239,4299.8258
3,73.0253,54,4.1456,4,2.3505,13025.2547
3,121.5519,77,27.3455,4,-1.0317,5144.6127
4,82.6888,54,0.8814,1,-1.0543,5644.0789
1,62.0963,22,27.0222,2,-0.1174,-4346.8146
1,88.2353,16,1.0026,3,-0.3058,10810.8084
3,91.3351,3,5.4851,2,-0.8778,10770.9677
1,115.6024,39,6.9749,1,-0.7972,1496.1942
1,128.7851,34,5.6433,2,1.3337,1961.3621
3,113.6951,53,6.1977,1,0.1042,3923.938
4,115.5723,13,4.0997,2,1.4264,15315.3657
3,73.2939,43,11.1475,2,0.1862,2889.7797
3,26.0162,60,4.9205,4,-0.6347,6711.8422
6,115.4097,34,14.6089,2,0.0284,11709.268
1,78.2176,20,7.4074,3,1.6121,8069.7451
3,114.7234,60,18.8055,4,-0.1193,10978.4744
3,163.9271,43,2.6167,3,0.3366,15694.4956
2,97.3122,49,9.1531,2,1.3485,4891.9217
6,87.2336,46,6.6102,4,-1.3859,21230.5214
5,85.7348,25,19.1201,3,-0.6237,7133.9073
5,146.2804,10,4.4653,3,-0.7043,20587.269
4,105.518,15,45,3,0.6063,-1797.3408
1,53.0939,46,3.0207,5,-0.6942,13616.6748
4,160.6418,73,3.0908,4,0.3751,19954.9631
1,147.2178,38,0.2,1,-0.6696,6329.9923
3,54.3237,35,4.7402,5,2.5676,17219.6495
2,92.8964,61,10.0209,2,-0.4403,-610.1193
6,110.6723,47,13.7647,5,-0.0667,21362.9626
1,117.9341,6,5.7495,5,-0.2877,22739.8163
3,124.4947,65,7.7723,1,-0.7336,-2469.871
4,62.0154,0,1.4171,1,-0.11,11332.7236
6,132.2782,67,1.8092,4,0.681,24141.3923
5,98.2026,10,8.1592,5,-1.1323,26474.3914
6,62.0691,17,3.9317,1,1.3159,14951.8558
5,99.0775,8,1.0939,1,0.0595,14488.3235
1,58.8092,59,0.9591,3,1.2841,5681.5354
6,41.109,42,19.4102,1,-1.6798,3759.7108
4,175.8234,11,1.8614,5,1.3432,32281.9753
6,87.4998,25,1.2359,3,-0.2798,19488.0565
1,167.1754,3,1.3168,2,-0.0817,13424.9186
4,121.1432,27,11.2671,1,-1.3722,5463.2646
4,127.5569,25,0.7343,1,-1.7827,8472.2503
6,147.5248,33,23.1299,5,-1.7813,25462.0828
2,25,24,1.2422,4,0.0118,13333.2318
4,165.0534,8,13.3525,1,-1.3619,7196.8833
2,76.548,4,3.1937,2,0.1502,10528.6788
5,137.0919,13,11.427,3,0.5028,18635.4374
6,120.8648,52,10.0812,4,1.2595,22539.3291
6,112.7393,61,2.4971,1,-0.3902,10291.4872
4,96.4742,12,1.1108,4,1.9578,24819.513
6,47.2243,72,21.6023,2,0.3714,3060.3875
1,105.3089,62,4.8286,4,-1.6814,11659.3863
1,62.3266,0,4.1895,2,0.6198,7493.1648
5,118.211,64,3.9324,1,-0.4585,8932.9579
3,60.2128,51,33.3012,2,0.6056,-8079.5697
1,142.5878,26,17.2852,1,-1.9697,1664.5881
3,130.6545,1,0.2,3,-0.1161,14468.911
1,107.8423,51,3.9356,3,0.0041,3179.4404
6,104.5566,54,18.7846,1,-0.6095,2659.1994
1,112.4164,26,5.3107,1,-0.7695,4133.7325
3,39.1151,16,1.4859,4,0.7116,17281.4577
2,138.8667,73,1.3324,3,0.8198,6854.5194
4,98.5381,51,4.92,3,-1.3108,9199.7849
2,75.8528,22,2.051,2,0.588,8624.5543
3,63.3615,65,2.1718,1,-0.4528,1102.2176
2,120.7825,77,29.2313,2,0.6354,-9408.8453
3,119.4758,35,21.2083,1,0.6246,-516.644
6,109.5872,61,0.5729,2,1.3228,10273.6872
1,34.6512,25,18.7493,3,-0.3965,473.084
2,147.6916,39,2.8935,1,0.8692,6204.6362
3,104.253,67,1.4122,1,-1.8656,3145.1992
4,130.6803,23,1.2804,3,-1.1116,19163.812
6,67.7688,2,3.6896,3,1.0992,21829.8985
5,123.0339,7,28.7778,5,-0.2152,20661.127
4,120.6853,78,6.4948,2,0.6378,5466.5235
6,133.8192,0,26.6046,4,-1.0719,23000.9056
6,69.5288,35,1.548,4,0.0197,22937.4156
6,147.8636,28,1.2693,5,-0.6454,29903.9001
1,65.5651,15,14.1055,5,-2.3654,9342.0876
1,129.4907,29,19.3874,1,0.4608,-1109.313
5,72.2697,12,4.7913,4,0.3119,21002.2143
1,134.7129,12,8.9155,4,-0.5688,16444.3437
1,83.2133,43,1.4225,2,0.6957,1619.3135
3,141.4086,14,11.5946,5,-0.5929,23126.1624
4,115.2466,68,1.5018,1,0.8881,4517.3191
1,63.24,70,10.801,3,0.6689,-2596.3035
1,79.4706,19,21.993,5,0.8347,9785.5561
5,155.2678,45,2.2107,2,0.7806,13183.4552
6,70.6505,46,2.7342,5,0.8849,22871.7221
5,52.135,49,10.3026,3,0.5687,10038.4634
5,86.7274,72,2.8567,4,-1.2174,16156.9547
2,156.9168,66,0.2,4,1.8141,15680.21
2,74.5689,31,7.8715,3,1.1417,9279.4823
6,83.8974,57,10.7116,4,-0.4448,15826.6293
5,78.062,48,3.5157,2,2.3793,6979.9588
5,144.6774,64,11.7534,3,-0.1664,12920.637
4,84.8311,43,41.9127,4,-0.0565,2742.9279
5,77.5454,11,9.0494,5,0.6405,23888.566
1,102.8608,32,5.6132,2,1.0592,3965.0278
1,32.0522,48,8.7351,1,-1.3888,-1669.0548
2,95.8502,6,0.806,1,-0.3827,8740.0032
2,62.2996,12,24.7591,2,0.1828,2382.9745
6,95.4133,15,44.5239,2,0.1129,1382.0037
6,138.6759,40,2.9008,5,-1.4904,27962.782
1,97.0687,14,0.629,5,-0.8538,21603.4062
1,84.1387,16,2.1454,1,-0.6847,5702.1701
6,31.1357,76,12.7968,4,-0.0948,10540.2034
6,125.4088,41,10.4654,5,-1.5432,26417.4951
1,72.5371,78,2.5195,3,0.4489,50.8417
4,46.7656,41,0.2,4,-0.6006,12671.0002
2,104.8846,59,0.2,4,1.7,15721.5669
6,108.9857,44,4.1695,4,-0.3496,25503.2666
2,148.6729,61,5.2888,5,-1.5502,18478.2561
1,72.8799,12,11.2014,3,1.4133,5441.2487
2,88.983,46,2.4219,4,-0.6769,13430.0685
6,34.6007,67,0.5982,4,-0.0767,16532.2693
6,26.7226,56,1.929,1,1.2787,8838.0375
4,90.1933,45,15.623,4,-0.1968,13333.8693
6,75.1042,51,0.3094,1,-0.5019,12214.5202
4,28.2952,59,10.2226,2,-1.325,899.9209
2,53.8914,12,4.6098,5,0.6053,15653.2224
5,58.6943,63,7.7046,5,-1.8116,16086.8144
4,140.5603,6,9.7103,1,-1.0367,9227.4223
4,74.966,76,1.6369,3,1.7387,9534.2709
2,79.7693,55,4.3043,1,-1.0665,-376.6849
2,61.6521,62,1.7541,4,-0.7717,8657.4478
4,93.1788,36,5.9544,1,-1.1667,6294.3243
2,135.7856,31,0.4215,3,-0.4718,13031.2542
2,49.666,26,0.2389,3,1.3833,9188.8839
4,44.1084,31,1.2644,4,1.1172,16091.9396
5,127.809,65,14.9389,5,0.169,17598.3827
4,90.3277,64,17.8922,1,0.2682,805.7583
5,107.814,34,21.4409,3,2.11,9515.9054
4,69.5669,55,20.5883,5,0.2166,10939.9785
1,99.614,12,8.4406,3,0.3443,7902.5773
3,138.9504,28,2.8046,4,0.1643,23647.3495
2,25,44,3.6723,2,0.3982,1311.0664
1,120.3624,76,2.6909,4,0.0971,9227.9145
3,75.0859,72,1,5,-1.6183,15799.5739
5,44.2764,43,7.4385,3,-0.167,10548.8245
1,161.3337,7,12.0742,3,-0.8892,8415.2954
5,104.1309,1,2.6794,5,1.078,29869.5043
6,158.6767,52,17.4873,5,-0.5654,23911.052
3,87.5003,72,18.3664,4,-2.2607,8731.1564
3,58.825,73,0.3471,2,1.2215,1637.1141
1,43.5424,54,5.733,2,-0.1322,-2831.3188
2,106.2173,76,27.7543,1,-2.3072,-7713.5366
1,95.6313,19,7.8034,1,0.3496,2341.0229
6,80.5262,36,0.5053,2,-0.4894,16453.5076
1,29.0958,79,45,2,-1.7851,-18927.7787
2,64.6072,52,1.8528,1,1.0093,952.3508
5,96.4184,50,0.8477,2,0.9119,8696.7143
5,102.1177,17,0.5381,3,-0.8795,17341.2913
2,77.0138,70,7.6834,3,0.416,3243.6783
4,113.2812,56,18.3464,1,0.3253,3052.6748
6,102.3202,59,5.2479,1,-0.4115,8185.0966
2,73.7297,69,0.2,4,-0.2224,11577.8962
1,91.2925,50,5.9539,3,-1.4675,6158.6648
4,109.1248,23,12.2973,2,0.1522,9862.9686
5,73.5833,33,15.1463,4,0.3648,16492.0089
4,91.1443,76,0.2,3,0.7653,11679.3304
3,100.9331,50,8.0254,1,-1.0815,1860.4963
4,83.0182,34,0.5824,3,0.5875,15114.2499
4,127.0065,29,2.3136,2,0.0718,13632.3074
4,45.8001,58,0.2,2,-0.4839,6935.1951
4,102.8995,38,8.9622,3,0.8537,9558.5565
1,74.9573,46,3.06,1,-2.1109,-794.3468
6,92.8283,37,3.177,4,0.9094,23384.8646
6,99.9565,60,0.6399,5,0.618,24331.1716
6,171.1767,70,6.4398,3,0.7223,16511.9385
4,135.3906,59,6.7872,1,-0.3456,2955.0801
2,64.1816,32,0.2789,3,-0.3599,11980.2132
1,61.2024,22,1.6577,2,0.5207,6326.6817
2,120.224,3,4.7774,5,-1.5582,25610.3727
5,31.3511,55,16.9372,2,1.221,4028.3324
2,61.2042,79,0.9365,5,1.0865,11388.1575
5,105.3539,48,7.3719,1,-0.511,6828.3768
6,117.6418,45,3.441,5,-1.4708,27955.8117
2,111.9499,18,3.4621,1,1.1366,5446.76
6,72.7344,69,2.7829,5,0.7187,19011.3077
6,59.8521,71,7.0436,3,-1.8954,9318.3741
1,127.0256,20,1.0336,4,-1.6728,20967.3294
6,63.5484,48,0.9614,3,0.8913,14655.6099
5,105.0788,35,10.0061,3,0.7301,11887.8595
4,87.8323,66,11.9122,3,-1.4956,6787.3548
1,121.4551,43,12.4947,5,-0.946,14630.2904
5,128.8051,58,8.7958,2,-0.5614,10328.4956
6,148.4296,28,4.1549,4,-0.5147,28646.0087
5,41.8086,45,6.5023,3,1.5111,10236.4022
2,53.4206,69,7.1779,5,-1.8077,6967.9964
1,90.7087,23,0.6803,2,1.2752,5649.2406
5,89.0774,3,2.2231,4,0.016,26834.5236
1,139.2952,2,1.066,1,-0.1251,9366.5711
4,57.3653,9,4.8081,3,-0.7855,11535.111
1,92.588,42,0.2,4,2.1592,14331.6609
4,76.2939,16,22.8076,5,0.3811,14445.8598
1,55.3541,67,0.6013,5,-0.4799,8298.1959
6,172.8158,32,6.4767,2,-1.1115,17445.5375
1,74.3125,50,8.3304,1,1.6631,-3060.0227
2,123.5759,4,12.9998,5,1.0498,22088.8058
2,25,5,2.4249,2,-0.3868,7010.9857
4,89.8257,35,7.0865,1,0.7501,6873.5634
3,74.3506,60,2.4313,4,0.9105,11457.0211
1,158.4789,19,2.2242,1,0.4364,9484.3496
4,167.0194,69,4.4501,2,0.6506,8382.0479
2,77.4039,66,13.7721,3,0.3812,1419.164
1,76.8083,2,9.2709,2,-1.0392,5176.3125
6,136.1743,27,11.8596,1,-0.7134,13850.1311
3,149.3058,39,0.4295,2,0.9689,11515.1947
6,98.8689,12,5.5064,1,-1.0006,13428.8271
2,141.651,59,2.9316,1,-0.8534,2401.0914
2,154.5881,35,2.5353,3,0.2658,11536.075
5,100.897,76,0.2,4,-0.4688,17386.9117
2,51.3892,9,0.2,3,-0.9881,9576.5219
3,67.877,25,0.2,5,0.5683,20807.4201
5,134.131,24,6.3288,1,0.4697,13272.1532
3,119.162,49,3.3559,1,-0.1181,3912.2243
3,69.4283,0,2.9457,3,0.7216,11029.3246
3,100.408,6,2.0078,1,0.5893,10659.1378
2,104.7796,72,5.1659,2,0.3008,1468.7106
1,91.9385,52,0.3871,4,1.2518,9828.2365
1,113.647,49,13.4057,1,-1.8457,-1537.7881
4,121.6672,15,6.8455,2,-0.7503,12240.0629
2,73.2845,10,32.3887,2,-0.4007,-3872.8806
2,111.4021,32,19.6553,2,0.6768,-1338.0248
5,148.4617,73,8.047,4,-0.0098,23055.6684
2,85.3599,10,12.7042,1,-0.2445,-384.1445
5,143.6401,78,14.2006,5,0.4076,22026.217
1,124.997,49,2.2186,5,1.1744,17076.0835
5,121.5604,24,1.6544,4,0.5397,26306.2474
3,144.1536,17,4.0859,3,-1.0325,14430.4411
5,93.3026,46,0.9484,1,-0.4687,9431.8905
5,32.044,7,5.1793,5,1.5471,22279.0098
3,78.7059,53,2.3806,3,0.0823,8977.3106
3,105.3005,6,1.0834,3,-3.1361,17239.881
4,156.2051,44,11.3489,5,0.2105,23034.7378
4,110.3487,19,16.4854,4,-0.0676,16749.99
1,81.512,76,5.0396,4,0.3011,8581.1757
3,117.3572,50,11.7405,3,-1.395,5881.1618
1,108.8077,34,6.9012,1,1.4835,2260.4917
1,42.9497,6,5.7242,5,-3.2019,15450.2827
6,94.5058,32,10.4347,1,-1.6093,7991.8275
5,57.0544,47,1.2131,2,0.1119,8104.9311
6,44.1411,0,0.9734,3,-0.2658,18819.3925
5,134.2097,7,0.2,1,-0.8941,18637.4303
1,129.9937,64,8.8038,5,-0.3414,15420.2384
4,124.556,29,7.4172,4,0.1892,22313.8281
1,28.6382,24,4.2037,4,-0.991,5641.6207
3,160.6243,28,14.2699,3,-0.0839,9953.4975
6,114.2484,16,10.6772,3,-0.7709,17488.4348
3,138.966,78,1.244,2,-0.7584,3799.2945
1,116.051,6,0.7295,2,2.0579,10307.272
2,103.7964,71,0.2,5,0.3697,16212.6312
2,99.1158,2,0.2,3,-0.3617,15195.2092
4,100.6441,14,37.787,3,0.4708,3007.1712
6,103.5543,25,18.7532,1,-0.6302,8695.2672
3,78.8424,4,10.3666,5,-0.5743,19736.0502
3,120.8417,76,2.6117,1,0.4381,1053.6905
3,94.5546,19,1.2265,4,1.488,17686.9112
3,107.2306,44,28.2886,3,0.8266,333.8475
2,155.9308,74,9.4585,5,0.3005,15756.6069
3,95.2448,48,34.4918,4,-0.0735,3601.2273
3,101.9276,62,15.4181,2,-0.3684,-1602.7173
6,164.4352,68,13.2775,4,0.112,20422.265
4,115.4642,0,6.6924,1,0.092,13583.1082
5,95.9904,20,10.6941,3,-0.1537,13155.3325
5,52.8659,11,2.9073,1,0.0261,11488.5585
4,102.5216,28,14.268,4,0.5447,14965.6339
4,25,11,10.5641,3,-0.7746,9301.2698
2,130.5071,14,9.4252,3,0.0376,13110.9192
6,86.614,40,0.8149,5,0.4131,27924.2261
3,121.4507,72,0.8554,3,0.3466,8402.8538
3,74.4486,2,0.4619,1,1.3778,10138.578
5,133.8489,70,14.4098,3,0.4597,8528.7883
2,67.2943,34,14.7713,3,1.6281,2044.8138
1,41.9614,38,11.9369,3,-0.3214,527.7054
2,87.3985,59,0.5128,4,-0.3916,11670.0304
3,103.7259,36,6.3953,3,-1.7865,8164.6036
5,155.7973,43,1.5399,1,-0.6348,12798.0492
3,25,40,0.7428,4,0.3891,12106.8639
6,71.1989,40,8.3698,4,-0.2793,22082.0082
2,50.3983,52,8.1795,2,1.5782,-1625.7702
4,123.1765,11,10.2339,4,-0.377,22066.3524
5,145.98,60,9.5406,4,-0.1801,21064.1032
4,47.8159,14,39.1248,2,0.1031,-4063.7498
4,160.0356,33,24.3774,5,1.211,20648.8227
1,45.6968,24,9.1931,2,0.1689,2989.2893
4,90.5026,33,7.4166,3,1.3938,12944.9347
3,101.1546,30,10.8522,2,1.683,6358.2298
1,25,49,0.2,5,-0.1585,9639.7806
6,81.0173,72,3.4395,2,0.7038,9049.7162
6,109.0853,12,2.9694,2,-0.3545,16916.7999
3,114.3389,42,1.3864,1,0.3295,7318.2595
4,131.0029,0,3.6176,4,-1.0007,25923.6921
1,25,75,3.9575,2,-1.0171,-4347.207
4,115.0032,30,1.5075,3,-0.9865,17297.5188
4,27.4627,16,20.423,1,-0.653,2990.548
1,75.5367,72,0.3401,4,-1.094,6719.0091
6,102.6973,53,8.874,5,-0.8527,22918.8485
2,128.6543,62,0.669,4,-0.7458,14196.8479
1,105.1732,12,20.7165,2,-0.9356,1542.315
1,142.0164,38,0.6257,2,0.685,8508.6064
2,91.8593,54,6.8702,3,-1.9265,4168.8119
4,133.773,46,14.7882,1,-0.2058,4797.7732
4,131.0481,50,3.6974,3,0.2089,14523.7961
5,158.5069,69,3.3385,1,1.4568,8046.5199
6,102.5796,26,7.729,5,0.967,27022.9157
6,112.8808,15,7.4256,2,1.4202,17581.6851
6,49.0896,45,5.7471,2,-0.9196,12584.0052
4,139.2374,38,9.5461,1,1.6345,6705.8146
5,71.4695,22,1.7345,5,-0.6701,24053.2675
4,65.4031,46,1.389,3,0.7363,10760.3898
4,111.8915,48,6.9989,2,1.6133,6768.0983
5,79.3027,46,4.8021,4,-0.0358,16073.623
6,38.7587,66,15.9678,2,0.8658,5711.834
2,98.4498,49,0.3835,3,0.3826,9860.6058
4,38.091,50,11.923,1,-1.2329,220.226
6,45.948,50,1.5541,1,-0.5384,8759.5947
3,49.1566,63,23.232,5,-1.7434,6642.7079
2,92.5832,79,4.2447,4,-0.503,8018.3641
6,58.8313,1,3.7231,3,-0.0617,21080.1556
4,80.7334,21,5.398,5,1.3676,23861.7822
6,80.4717,16,3.3441,3,0.4174,18157.1183
5,100.2698,24,3.4979,2,-0.6377,15142.5745
4,69.7498,68,0.6284,4,0.4081,11717.5447
4,145.352,29,5.736,4,-1.7721,22239.7348
5,99.5849,70,2.1968,2,0.4195,8338.6675
6,49.805,9,0.7923,4,0.1454,22757.3617
2,107.1348,41,5.6398,3,-0.3757,8584.3285
1,95.9786,18,20.9088,1,-0.3158,-3276.4906
2,83.4312,27,9.5262,5,1.225,16781.4415
5,62.4403,73,18.7485,2,0.969,787.3204
2,81.1629,37,1.7481,1,0.4947,4404.8792
4,101.3588,71,8.1087,3,-0.9617,5645.8435
5,130.8741,47,3.9833,4,0.6855,22124.0919
5,99.3166,5,3.5358,5,-0.3918,27680.4932
4,90.1542,52,0.6158,4,1.3496,17207.3207
1,111.1266,49,1.0677,4,0.2435,17596.757
2,26.7368,29,1.4041,5,-0.1451,11286.6455
5,117.695,63,0.8005,4,0.709,23073.9462
1,116.2184,41,6.216,2,-1.5856,1430.5087
5,105.0133,58,13.754,2,2.0439,6573.7104
2,90.2644,14,4.2562,2,0.578,5819.5865
4,95.5028,65,0.4824,4,-0.797,19097.0531
6,116.6227,72,9.7164,4,0.0777,19812.4507
6,116.1214,78,11.4828,5,-0.8352,21725.5756
3,46.9938,2,14.6991,3,0.0368,8328.4977
2,51.1872,56,3.2835,4,-0.564,8575.0345
5,120.0574,25,8.8916,4,-1.337,21875.1259
3,79.9438,36,0.2,1,2.5542,6191.0841
6,118.3654,45,0.7987,3,-0.3744,19592.6756
4,80.0236,51,33.0795,5,0.4242,9640.5921
6,146.6926,34,1.4546,4,-0.7357,29820.3654
3,167.0699,25,6.5199,1,0.0479,7476.3743
3,92.8552,75,0.2,1,2.9236,2508.2028
6,91.756,11,1.1798,4,1.023,27767.1539
1,109.4791,34,6.573,1,0.9677,4594.3993
6,25,48,0.3145,1,-0.9262,11059.3773
6,140.5978,10,0.9165,1,0.5685,16165.2402
2,99.2856,31,17.5558,3,-0.477,4480.362
6,149.8562,69,1.6037,4,0.6056,22370.8501
5,59.6983,53,3.9526,2,0.0242,7680.7062
2,58.0245,72,5.9009,1,0.3989,-4963.3456
3,40.9589,23,1.4527,3,0.1776,9036.8551
5,61.7308,3,0.5644,2,-1.2013,14701.5411
3,51.2787,63,4.3353,3,1.0388,4378.4012
6,84.636,56,14.0447,4,2.0955,17043.5316
2,104.3988,18,13.5711,5,-0.6917,16267.7611
6,109.8165,11,12.6932,2,0.5655,15764.962
6,78.1229,0,5.8304,2,-0.9171,17343.6948
5,101.2694,36,16.1305,3,-1.5307,10725.8761
1,39.9718,1,3.5515,2,0.9921,6003.1031
4,140.6041,63,1.2391,1,-0.1226,8876.8866
2,106.4109,13,1.9377,3,-0.1531,12906.7731
2,129.7189,16,3.0615,4,0.8406,20802.5405
6,110.5709,35,0.4112,5,1.6679,30038.4273
5,104.5165,4,7.6714,3,-0.5384,15840.7398
4,123.3433,28,2.8283,2,-0.1552,11361.9243
2,55.1367,79,12.7974,2,-2.2432,-2812.6132
6,75.3957,36,0.2,1,-0.9492,15148.7514
1,116.2714,74,3.0989,5,-1.4367,16902.6491
6,102.9452,21,0.9093,2,1.7257,16007.6519
2,81.3898,59,7.1649,3,0.1885,6988.0112
4,142.1518,79,4.7496,2,-0.4752,5207.7801
5,164.2875,33,4.6833,3,-2.4543,17714.0779
2,46.2834,65,15.0857,5,0.4325,5292.8427
2,112.6007,54,2.1412,2,-0.4821,5376.5613
3,111.1776,55,24.2691,2,-0.1995,-2029.8913
6,83.843,58,0.3699,3,-0.8912,15755.319
2,88.1911,20,6.0716,2,-0.6616,4845.7954
3,101.5038,16,3.039,3,1.366,11516.8954
4,93.9727,35,5.8655,1,0.2933,6798.0786
6,137.3186,5,5.1171,4,0.3975,31462.1068
2,115.369,63,3.2744,5,-0.5427,17228.5594
6,81.2204,3,2.3554,2,-0.6284,18799.1619
2,124.2425,3,5.3004,2,-0.4303,10118.8167
4,47.8571,52,7.6346,1,-0.8065,-749.517
5,88.663,3,24.4571,5,0.1047,19852.7755
4,25,35,16.4332,3,1.3247,3187.0823
5,155.4848,15,1.8239,4,1.965,29676.3265
2,125.5901,64,22.2178,2,0.4526,-4700.8904
5,100.5383,41,9.7858,1,-0.6011,6578.8972
6,119.4529,71,6.8532,2,-1.7547,9289.3813
5,108.1458,75,0.4019,1,-1.0213,7258.094
5,127.7906,11,10.4589,5,0.0799,27115.1668
4,63.554,23,0.8009,2,-0.0179,8769.5646
6,109.8073,20,2.5125,1,-0.5596,17536.8696
4,127.8089,11,2.7845,3,0.0366,17615.0632
2,72.3756,51,5.6521,2,-0.7174,3344.5474
1,107.207,60,2.6655,2,-0.1777,2731.0936
5,50.5669,34,0.2,1,-0.1024,11957.205
2,146.1891,37,8.244,3,0.848,10284.7302
1,110.0153,25,0.2,3,-1.6991,10232.7262
3,94.6364,28,10.6891,1,0.2931,2171.1027
1,52.5858,23,1.9922,1,-0.7194,1955.9146
5,118.2103,2,1.9869,5,1.3822,29064.8681
5,159.3937,78,0.744,5,-0.0442,25405.133
3,143.2624,75,9.1834,3,-0.0523,5244.2687
5,115.4107,4,3.0584,5,-0.8566,29182.2649
5,77.1965,0,15.0259,5,0.0603,18847.096
1,48.9556,7,1.1009,1,0.9646,3347.7202
5,117.4697,42,5.8345,3,0.1686,15130.193
4,25,65,2.5629,3,-1.0698,5473.8495
4,117.7225,45,10.1883,1,-2.0057,3146.2689
5,103.382,74,15.8874,4,1.4354,13684.6562
4,70.5907,20,3.2794,2,-1.9046,8556.368
3,77.7138,12,9.1448,3,-0.1301,9604.5224
1,114.0237,60,9.3196,5,2.5892,10738.5106
2,128.8031,39,2.5155,3,-0.8521,8310.4605
5,88.6785,40,17.3137,2,0.0536,4773.7146
5,141.8027,66,0.2,4,-0.5797,22475.5095
4,82.3847,8,16.9103,1,-1.931,4474.6339
5,85.6324,75,3.0125,5,-0.6334,18309.2443
6,128.1581,14,6.5416,1,1.2838,16510.3013
1,117.5452,33,8,4,0.9013,13297.589
3,89.4836,30,2.4294,3,1.1565,12597.8509
3,97.7195,77,8.9943,5,-0.1686,13704.443
4,129.9699,79,8.0783,4,-2.4005,17231.035
5,27.8768,17,31.1417,5,-0.5046,9937.221
1,73.8107,6,0.2011,5,-0.7541,18946.706
1,111.8848,2,0.6801,4,1.2005,19850.0559
1,117.7283,33,0.41,3,-0.7183,9086.2244
6,134.5617,13,4.1727,5,0.1824,30188.5737
5,82.8992,49,2.2237,1,-0.1838,8055.8733
2,104.4589,56,8.6424,4,-0.5412,11310.4392
5,72.6129,71,2.8965,3,2.3864,11867.8136
4,59.7192,37,1.7474,1,0.4139,7527.0609
4,56.4409,63,0.703,1,1.492,698.8319
5,51.5211,59,9.8638,2,0.2181,4209.1322
2,51.0849,5,2.9487,3,0.4509,11847.1892
5,121.5066,12,3.0672,5,0.2685,28460.9753
1,92.3958,58,9.5988,3,-0.3132,2999.4593
6,63.2198,18,6.17,2,-1.2854,15401.3133
2,92.5457,38,4.5301,3,0.2158,9165.1825
5,123.2999,70,6.1374,1,0.504,8842.614
1,95.3567,19,1.7355,2,2.1446,6209.8312
4,101.8292,40,1.192,3,-1.1514,14174.7683
5,63.2782,67,6.2078,3,-1.5343,9976.5633
5,104.0543,54,11.0276,5,1.854,21168.3114
5,25,58,3.0574,3,-0.5765,9913.0169
5,97.6471,57,6.0261,3,1.2721,12492.3626
2,128.5431,51,12.4701,4,0.0176,14184.4923
2,116.2426,40,31.4789,4,1.0556,5955.9792
6,81.0019,68,3.9744,3,-2.5989,11872.9392
2,69.0556,42,10.0769,3,1.8725,1344.5174
2,97.7403,67,3.0362,3,0.6194,5929.7445
3,122.6682,18,19.4435,5,0.1962,17911.2809
5,66.7432,61,17.8076,5,-1.1516,16725.9138
1,68.0934,79,2.4235,3,0.2732,3805.4604
3,114.2488,8,9.1215,5,0.0794,21921.6312
6,96.5863,10,7.0733,5,1.3444,30657.8401
3,102.1423,49,1.8701,5,0.8512,20968.3276
2,79.4141,49,4.0063,3,0.1269,8506.7262
2,142.402,56,5.8503,4,-1.2036,14196.9232
4,102.8789,60,1.4088,5,0.6667,19120.6958
5,84.2248,30,1.8899,5,-0.5151,25149.163
2,84.7186,57,10.2093,5,0.5849,11959.8451
1,103.857,27,9.9929,4,-0.3296,14263.7958
6,90.0476,61,12.873,4,-1.6456,16528.4777
4,97.8253,62,24.051,5,-0.2216,11886.0106
6,109.4178,62,0.8863,4,0.1018,23384.4203
6,128.6003,28,8.227,1,-1.063,13354.6
2,98.6661,13,5.171,3,-1.3275,11500.6627
2,90.8332,29,4.3298,5,0.0346,16163.8807
1,95.3785,7,3.4498,4,-2.0323,17202.9204
1,122.7941,41,19.3965,2,0.5252,330.1621
6,88.851,46,5.6318,4,-0.9149,20025.3834
6,103.005,54,3.3249,2,0.0965,12821.4568
6,25,31,10.0113,5,-1.2701,19499.6085
3,74.4876,44,0.7022,3,0.875,8763.0852
2,72.1335,13,1.1358,5,1.2029,20467.1384
1,53.5204,63,6.9749,3,0.411,53.9537
6,106.2927,23,5.9192,5,-0.0253,28953.0186
2,85.5981,48,8.4081,4,0.5443,8335.5211
4,102.2484,32,19.9554,1,-0.8399,563.6807
1,44.3409,63,1.8911,5,1.4392,9988.0009
3,92.3243,5,3.0203,4,-1.6973,20179.525
4,96.5173,69,3.5113,3,0.5696,9478.1803
3,122.1678,55,2.926,1,0.1551,6662.3502
6,74.4156,44,3.0456,4,0.8483,20076.1793
6,91.062,25,3.394,1,0.3441,13193.8099
5,120.7563,10,3.2368,1,1.0716,11449.8863
1,62.5202,49,6.9791,2,1.0305,-574.0299
4,181.2434,58,1.3985,4,0.1756,23606.8231
3,150.0271,21,13.0592,3,0.4913,10952.7485
6,141.0723,1,6.4406,2,-0.2374,16153.1084
4,105.9145,34,1.5725,3,0.0697,14014.1864
1,112.5313,31,12.7374,4,-0.5928,11991.4158
3,98.9756,70,3.267,3,0.1547,5912.8904
3,125.9685,22,7.6983,4,-0.3497,19640.4002
5,25,65,10.6882,1,0.3639,807.4714
2,120.6211,4,3.5325,1,-1.1612,8992.0089
3,143.8978,68,18.2137,5,-1.4021,14905.8927
6,72.9164,22,3.5051,5,0.7762,24477.5628
5,92.8444,6,34.0913,1,0.2016,1346.4071
6,151.421,65,4.3721,5,1.0753,25826.1476
2,102.2632,11,1.4443,2,-0.0325,9875.4748
4,83.6906,69,15.1136,2,-0.0979,1197.4135
1,116.46,19,0.5002,3,-0.874,10272.2791
4,113.5202,49,3.2134,1,-2.8507,3483.1724
6,107.211,28,10.2987,4,0.2638,23120.0913
3,111.6581,31,13.319,4,0.5434,16376.5052
2,154.447,36,2.6205,4,-0.7977,20073.459
3,90.349,18,2.7428,1,-1.2965,8874.6871
3,96.3016,68,1.4523,2,0.2194,4981.2214
6,43.7543,40,0.9365,4,-0.8778,20269.2479
6,67.6416,26,11.5306,5,-1.4464,20353.5428
1,109.8125,4,6.3835,1,-0.7213,8336.3242
1,118.8347,65,0.2185,4,-0.7998,15780.9647
4,68.9278,6,14.4527,5,-0.384,18300.6681
2,139.3349,33,0.6303,2,0.4867,10799.2574
2,103.6012,3,0.3814,4,0.9426,22319.1262
3,94.4864,66,1.2941,3,-2.5427,9078.9225
1,141.4498,73,3.8029,1,1.4402,970.0391
4,25.669,5,1.6965,3,0.1888,12632.5361
2,67.9793,6,22.4022,4,0.4316,7610.4711
4,25,58,6.4757,4,1.6171,9857.4825
4,116.9737,73,2.0737,1,1.8921,5284.2254
1,101.2471,34,10.7839,5,-0.3351,14642.7714
6,198.2922,34,16.5112,4,0.5544,25132.008
3,58.5819,18,7.4751,1,0.3999,4225.4386
4,117.586,79,2.3067,5,0.8849,18881.184
4,105.1447,8,21.7984,3,0.6348,8383.8461
3,140.5516,14,3.5836,5,0.9005,22328.3773
4,69.5537,57,4.6871,2,-1.4513,6137.0032
1,89.5058,62,10.1379,3,0.0648,2262.2728
5,78.9575,7,19.4456,5,0.6349,20177.7381
6,97.0321,38,2.9525,4,0.3861,25229.205
4,39.8169,28,1.1973,3,1.8372,12389.4795
6,40.0337,23,2.3207,5,0.0452,23185.363
2,56.3141,78,3.4376,4,0.4834,7241.8111
5,95.2732,17,2.0386,5,-0.5736,27362.5927
5,171.2571,48,1.8807,2,-0.5238,15594.1243
6,110.243,7,8.1162,3,0.7042,20507.8857
3,108.0095,50,34.6759,5,-0.144,5379.1946
5,126.0321,64,5.9798,4,0.5916,18790.5642
1,122.0827,53,10.3941,1,-0.1131,-3602.6495
4,43.6724,29,4.7809,2,1.6822,9569.4932
6,75.1832,46,4.8206,2,-1.0146,12259.9508
4,162.087,58,1.5122,4,0.4338,23788.6045
3,115.2669,19,0.2795,3,0.4887,15440.2775
6,83.1558,5,1.8726,3,0.5545,20407.2901
5,125.4973,26,10.7509,1,0.7876,11380.9714
6,90.9292,56,1.724,3,2.9605,15398.1651
6,52.6648,35,5.3093,5,1.9866,22818.0386
2,133.5789,55,3.4594,1,0.0239,1415.4284
5,87.8768,35,17.0764,5,1.7881,17638.3791
1,59.8003,25,20.8368,3,0.2455,-2384.619
4,121.2461,20,2.2085,5,0.4618,25869.4345
3,82.1184,35,2.2663,4,0.2709,15164.1027
2,60.2924,42,0.988,5,-0.2408,13063.8248
6,38.4976,45,1.4203,1,-1.0659,7544.4051
5,89.0323,23,1.6704,5,1.3998,25166.8195
4,67.4182,72,5.699,1,-0.4751,857.8425
6,125.5406,25,3.1489,4,0.2297,28552.4358
6,103.0935,33,2.8743,4,-0.6398,23888.9834
1,115.7091,13,1.9974,2,-0.0945,7080.7013
2,86.9266,26,7.3998,3,-0.8063,7743.758
2,123.541,58,1.452,2,0.2112,5289.9274
4,71.1913,9,3.0159,5,-2.0003,24525.5618
5,84.5859,18,0.7628,2,1.1492,15162.3919
1,117.3584,20,7.5913,3,-0.2342,10728.4082
6,135.938,60,28.3224,1,-0.5017,2705.6506
3,54.2107,76,2.6578,2,-0.5734,3173.6041
3,70.1924,64,5.7445,3,0.4659,2980.7664
5,81.5056,25,0.2529,4,-1.1623,22593.6487
1,104.8292,42,12.9517,2,-0.3194,355.6666
4,147.7067,40,11.3799,5,0.6972,22816.4601
6,133.7523,2,2.8071,5,-0.1362,32551.163
6,152.12,68,6.0862,1,-0.9409,10482.0933
4,67.4347,33,0.8415,5,-0.0286,22516.6707
5,88.4257,43,16.6902,1,2.781,5447.347
2,63.9477,49,8.8753,1,1.447,-1952.9655
2,129.6509,60,2.8289,3,0.1086,6371.1534
6,79.6853,18,14.0691,4,0.1156,21090.7476
4,82.9413,42,0.8914,1,0.76,9178.8386
2,92.7328,77,8.7744,4,-2.4259,9638.3548
3,108.4386,68,9.0264,5,1.8741,15617.9474
1,138.648,8,6.352,2,-1.5711,7719.256
5,81.9961,8,9.3608,4,-1.4845,20740.522
4,144.0676,42,12.8051,1,-2.409,5597.289
4,98.8305,12,0.8109,1,-0.0481,12852.4605
5,118.8004,47,0.2,2,-1.6004,15598.0301
2,129.3855,61,9.6608,3,0.0842,6172.3163
5,102.6358,7,2.4681,1,-1.3935,13302.4264
1,43.7068,63,2.4368,1,-0.782,-2528.4591
3,85.3888,52,22.3231,5,-0.6166,9620.1875
3,92.0014,31,6.5196,5,0.8889,18889.2799
5,106.3661,3,0.3992,4,0.9276,26195.4805
6,94.7419,33,7.0855,5,-0.9943,26014.7373
1,136.7511,57,5.7244,4,0.4752,11118.0574
5,92.7985,53,0.6302,5,-0.5134,22968.3738
2,76.528,65,21.9427,3,-0.4853,-2042.7366
2,156.5444,75,1.6794,3,0.1409,8602.0451
1,44.2007,53,5.5388,2,0.1056,-1465.6224
6,46.5123,76,2.5437,2,-1.5854,7910.6165
1,125.8224,24,11.6801,5,-0.4633,15595.915
6,60.0457,70,17.3781,3,1.7527,8799.4669
3,105.4968,76,5.5055,3,-0.2632,5140.2565
3,111.5762,44,4.1418,3,0.2615,10782.2382
2,91.7648,57,7.1984,4,0.3459,8339.4323
1,91.8131,31,3.0297,5,-0.3956,17747.2088
5,47.0349,37,15.3357,2,-0.1673,6722.3273
1,93.2474,7,7.8478,4,-0.0207,14686.4613
4,146.0856,54,1.2659,3,-1.3286,14832.9937
3,88.0812,50,0.2,4,0.1309,15632.3783
4,159.2261,38,0.2,5,-0.8819,26133.3544
3,42.4651,1,3.3343,1,0.1822,6334.4705
4,127.069,49,1.593,4,0.2291,21591.3357
5,110.105,54,6.109,3,-0.8458,13419.2179
3,152.719,3,7.1586,4,0.7085,23086.3742
6,89.049,5,0.3923,2,0.3133,20259.0409
1,136.431,37,1.4949,3,1.1389,9822.8321
6,56.3353,79,8.9498,4,-0.992,13853.3132
5,148.1587,76,9.3183,3,1.0904,8914.8851
5,111.7296,62,1.2907,1,0.8556,7540.1958
3,89.2837,65,4.4504,5,-0.3548,15449.5458
4,103.9814,53,9.2322,5,-1.7515,19818.997
6,113.5293,44,7.0712,4,-0.0237,24214.1452
4,125.4867,21,0.2,1,-0.7243,10441.0213
5,115.7315,51,8.2671,4,-0.9137,19647.1546
3,36.1777,33,0.2097,4,0.4291,14321.6067
5,51.9672,32,13.0334,4,1.8766,12288.9152
2,121.9877,48,0.9562,4,0.129,14956.4272
3,71.8767,49,2.9645,2,0.9879,5067.4678
3,99.7292,29,0.2095,4,3.1384,21265.8025
4,95.704,9,3.6019,4,1.2434,24287.6835
1,46.5238,17,7.2743,4,-0.9721,11572.6539
5,60.2038,32,20.8266,4,-0.5276,14936.6953
3,83.3647,21,4.9052,3,-0.793,11100.7175
3,52.9677,40,7.3465,2,0.2089,5380.4099
6,92.1209,26,0.3749,1,0.5208,15978.1702
6,95.5604,46,2.0594,2,0.0779,15032.4597
2,56.9535,62,6.6478,5,1.3798,8990.5747
1,48.5702,27,9.0494,1,1.626,-1535.1612
1,108.1881,63,0.7007,5,-0.1149,15439.2976
2,104.1359,21,7.663,2,-0.3115,7070.9669
3,82.4228,16,20.6513,1,0.6085,-44.6803
6,118.8747,36,5.1885,1,1.0705,15680.5502
4,158.1565,65,2.6111,5,0.5632,22207.4638
1,81.1914,49,6.4649,1,1.3082,-20.6149
2,86.9434,55,18.0781,4,0.3549,4235.3968
6,102.4212,45,0.4463,2,0.837,15530.9334
5,141.1408,69,6.9668,1,-0.4007,5467.2775
5,105.6124,12,4.8448,5,0.8355,27809.642
3,103.3854,52,14.6979,4,1.0806,11786.4395
3,61.291,37,2.683,5,-1.2083,14622.1393
6,142.1339,48,7.5418,2,0.6016,13206.7062
3,111.557,51,12.3487,1,0.9654,418.5325
4,42.2315,34,0.3099,2,-0.3991,8361.7775
4,98.836,14,5.4571,5,-0.0494,23978.7415
4,120.0537,40,3.06,3,-1.0636,12288.6343
5,86.0282,46,4.4367,3,-0.0102,13999.6624
4,127.3732,9,0.2,2,1.4705,14966.7042
1,77.0429,52,7.8014,4,0.7276,8092.0767
4,25,45,8.3618,5,2.003,9872.326
6,117.9239,52,21.3517,3,0.0003,9195.6147
3,121.7098,59,4.7451,4,-0.8288,17432.9726
2,72.9482,5,0.8133,4,0.4308,16454.8782
2,88.267,3,0.7379,2,-0.6685,10558.0006
3,71.4746,62,11.5674,4,-0.5218,7459.6528
1,60.1643,67,6.7585,2,1.1611,-828.7336
5,80.5469,78,2.6481,2,0.3192,7345.7957
1,99.0154,68,1.3603,3,1.5426,2912.6811
6,73.1565,71,3.4333,3,-0.9711,12582.7169
4,127.507,29,17.9909,5,1.0915,19305.2823
6,121.3004,35,0.2945,3,-0.0213,19275.9635
5,186.5541,36,3.5463,1,0.0981,15862.5792
2,68.9411,33,5.8463,5,0.3807,17290.2331
6,118.333,1,9.1416,3,0.2531,19602.2593
3,83.1884,38,2.9378,1,-1.773,2584.1034
3,110.1279,47,20.4252,4,0.7444,10612.4323
2,154.2676,79,5.7657,3,1.2106,4805.5879
3,105.1278,59,6.4868,4,-1.1326,15331.6354
3,119.6995,25,4.3547,2,1.6322,13116.407
5,97.4041,42,1.6137,5,1.0436,20169.4607
5,154.8748,23,5.5932,3,0.2382,18606.6624
3,25.6937,60,0.6534,3,-1.5262,6408.9952
4,114.8549,62,18.9221,4,1.2627,15584.5264
3,96.724,7,2.3548,1,-0.7276,8065.7744
2,81.7844,76,1.1777,1,-0.1638,-1130.2668
4,118.1015,46,6.1607,1,2.7332,7736.5014
4,25,22,27.4059,3,0.44,3546.908
3,119.9945,22,1.23,2,-0.9522,10713.2474
5,107.3473,34,3.9829,5,0.9758,25056.1628
1,94.7056,10,4.9715,5,-0.6285,15292.0134
1,123.7767,69,4.4527,3,-0.1449,6234.4613
6,58.6786,32,2.1587,4,-1.438,23357.7065
6,94.3742,48,4.1693,5,-0.3212,23894.881
1,103.4816,26,9.6736,5,-1.2508,13461.1441
4,111.0962,9,4.8964,5,0.2087,28083.438
5,89.074,46,14.7933,1,-0.4505,6128.7083
1,108.2515,50,8.6782,5,-0.6439,12189.8988
5,107.7782,53,18.0009,5,-0.6732,18218.046
4,94.7844,45,9.2937,4,0.9037,15991.2129
1,180.5306,44,7.6027,2,1.2498,4101.4399
5,85.473,78,4.5237,3,0.431,6500.9087
6,194.9772,52,2.1375,5,0.4473,34177.2061
1,85.128,26,3.9521,1,0.2436,2003.8266
2,110.5659,74,2.6978,4,-0.1536,9114.7074
5,78.4627,42,1.6503,2,0.8837,8441.9547
2,74.4195,32,13.5158,4,2.767,9874.0127
4,126.586,34,27.8056,2,0.6985,2158.1911
3,97.2734,4,42.5196,3,-0.3863,-1191.1077
4,55.1692,15,3.9266,2,0.6089,9085.823
3,121.1521,14,4.7295,1,-0.4924,7482.0082
1,71.9554,4,24.2757,5,-1.3109,9676.7598
2,65.1288,51,6.8382,2,1.6535,864.6019
5,58.0148,74,7.2518,4,-0.3177,10349.4021
2,111.2117,47,0.2,1,0.1405,1860.9529
1,66.9858,34,2.2826,2,-0.1981,3549.1573
6,111.7743,17,1.5503,3,1.5655,19324.6207
6,77.3049,62,5.858,3,-0.3337,14941.7212
3,82.4684,40,6.1062,3,0.5682,9800.5452
1,196.3116,61,1.0402,2,0.1329,7188.4918
6,140.0972,49,9.5697,4,1.677,21159.9816
2,151.4754,17,7.4084,1,-0.0601,6035.6232
5,110.1397,34,5.2823,2,0.932,11588.284
1,58.9765,5,2.6414,4,1.1801,15655.7743
6,47.8358,54,6.0087,2,0.3461,10132.9566
6,140.7692,31,8.7545,4,0.2427,23908.6287
1,102.998,12,2.9008,5,0.2038,18867.7263
5,93.2138,36,19.7689,4,1.419,16198.8298
1,79.9493,60,3.3493,5,-0.2503,10843.8154
3,100.5578,63,8.6775,3,-1.0471,4495.9941
1,155.7272,59,1.6299,1,0.5648,2913.38
2,102.9427,12,4.8,2,-1.0963,9728.3403
3,93.0748,22,0.4337,5,-0.0388,24425.8497
4,96.0631,48,7.1898,3,0.4982,11862.5164
5,96.8164,67,12.1016,5,-1.0215,17418.5635
6,25,46,10.3589,4,0.3245,14445.2765
6,69.7765,51,1.6859,5,0.5719,24226.634
4,45.1644,37,7.111,4,0.8302,15757.0821
1,105.0638,31,7.6218,1,0.6527,2490.5881
6,67.3881,12,3.8848,5,1.6121,31580.8105
2,81.7432,52,1.8658,4,0.1595,12054.8043
4,142.4435,34,7.5693,1,1.927,5561.0595
4,79.4831,33,28.66,4,0.8733,8105.26
5,138.044,25,2.4005,2,1.0624,15910.1251
6,104.1532,65,7.2218,1,0.5298,5529.075
2,109.3554,39,2.619,1,0.6025,6161.454
6,122.661,37,17.6865,1,-0.5284,6597.5889
4,61.0356,59,5.09,4,-0.1544,11993.0944
5,87.1366,14,25.2644,4,-1.5943,15678.8046
4,104.9986,75,43.2206,1,-0.2147,-12417.5536
1,101.2317,33,19.4338,1,0.3332,-6299.6478
3,63.1705,30,23.3118,3,-0.7303,2040.1774
4,95.9095,67,1.5278,4,0.1374,15180.0873
2,80.7021,55,3.0577,2,-0.1869,2289.0678
1,47.7358,61,6.2385,2,1.0472,-1123.3442
3,79.3489,48,0.2056,5,-1.8909,16853.2125
2,105.9302,0,27.7132,4,0.3054,12610.3118
5,160.1243,37,16.0208,1,-1.0287,6501.808
4,113.9039,31,1.5491,4,0.3319,20881.1322
5,122.1448,50,1.9151,4,-0.319,22963.8426
3,77.5827,10,6.5204,1,-0.2153,3758.8093
6,143.8021,49,0.5807,4,-0.5654,30075.8667
5,84.5273,32,7.1058,3,-0.2177,15098.0344
4,118.9987,74,3.1753,2,0.3702,7660.1796
5,106.0014,67,2.9627,2,0.0884,9405.9691
2,103.4827,15,1.4616,2,-0.0905,10046.9184
3,67.0229,70,0.3071,5,-0.49,14935.2412
5,101.8582,66,11.2108,2,0.0205,8597.9402
2,62.46,36,2.1343,1,0.1236,2584.8334
5,84.3184,3,1.1656,3,1.3501,17813.6043
1,117.4147,0,5.7083,4,-1.4447,20851.772
3,147.8668,7,1.3525,4,0.1028,24675.0523
2,126.578,29,3.4691,1,-0.6244,7481.5879
3,121.5292,29,10.2021,5,2.0822,18082.8069
6,115.1704,31,10.4861,1,2.2082,12686.5204
4,60.4974,62,3.9641,1,-0.357,2201.0529
5,25,17,11.9688,5,0.9896,17441.9068
2,93.6775,61,5.4137,5,-1.676,13825.253
4,205.174,24,10.5586,1,1.5236,11320.4205
4,82.9802,77,2.5551,2,-0.5462,4931.0549
6,107.4355,62,11.0813,4,-1.1467,18461.2472
2,89.0467,7,5.3429,2,-0.3416,8556.401
4,67.8925,6,7.6041,1,0.3421,9264.0761
4,125.3167,64,4.9649,1,-0.9227,6702.217
1,25,66,3.4868,1,-1.3815,-2556.4333
2,140.1502,44,29.7637,3,1.0826,-81.289
3,72.7714,9,1.2202,3,-0.5122,12802.8415
3,85.7991,9,0.3204,5,1.9449,21065.074
4,25,18,7.7519,3,-0.8028,11340.5106
1,104.4567,40,4.3879,4,-0.3639,14018.8757
3,62.8291,3,2.6948,2,0.7965,11604.7308
3,99.447,22,13.6898,5,-0.356,19411.9561
1,34.118,23,2.7504,1,-0.6231,1852.3206
4,57.6183,58,13.6,4,0.5174,8757.6609
6,55.1136,74,8.0279,2,0.6113,6519.6452
4,84.1642,60,2.1895,2,1.1054,6910.2802
1,126.4055,21,0.2378,2,0.1775,9912.0861
1,105.9148,3,0.9512,1,-2.1836,8957.2832
4,144.5895,64,0.2494,1,0.3532,9348.8468
3,126.5904,7,2.4879,3,1.1883,17840.5485
5,147.7946,24,6.1902,4,-0.9598,26463.4023
4,74.3978,66,5.2188,1,1.1867,-277.7795
2,55.7908,8,7.0006,2,-0.6331,7412.3553
3,123.8008,51,0.7983,3,0.0408,11467.7832
4,47.0903,58,7.8211,2,-0.3733,3767.1161
2,115.143,53,10.7188,5,-0.8387,14340.373
4,105.5394,66,3.9004,3,-0.7687,9900.0225
3,43.0474,47,12.9849,5,0.8163,10853.7814
2,87.9734,32,0.2,4,1.133,13512.4502
4,56.2415,60,0.2,1,-0.5011,6274.5819
2,55.4886,17,4.15,4,-1.8577,14690.2775
4,92.3542,7,0.7072,4,-0.3538,25762.9444
5,88.5544,61,0.8981,1,1.1829,8404.6214
5,97.0249,30,12.5746,4,0.4106,19329.3953
1,94.6918,45,12.104,3,-0.2703,2093.6236
6,92.4477,77,20.8577,2,-0.0599,3747.3381
4,140.7002,54,25.762,3,-0.9765,4626.3271
2,85.874,9,12.737,1,1.082,4329.992
5,70.6396,63,45,2,1.0801,-6442.1264
1,115.5577,65,1.0754,1,1.5679,1996.0105
6,82.4307,32,9.9142,1,0.397,10507.5994
4,145.9809,34,19.0718,3,0.4443,10062.0676
5,111.3985,15,23.4785,3,0.7393,10441.1893
1,101.0618,32,7.9427,5,0.1339,15408.8496
5,95.9994,11,0.2,5,-0.0016,30101.4191
4,116.1958,40,14.5205,4,0.0223,16683.9549
2,127.0666,24,0.5804,3,-0.9836,11578.9724
5,154.8673,10,9.5458,2,0.1757,14335.8465
2,76.6198,12,1.7948,5,0.7724,20152.4807
2,68.0045,19,8.17,5,-2.4364,18011.0973
4,105.5547,62,4.5836,2,1.5482,4464.944
3,140.3456,74,5.1698,1,-1.5656,-217.9895
6,70.8621,15,4.6891,3,-0.5244,21234.8599
5,64.795,25,7.6525,4,-0.5179,19301.0274
1,121.5146,40,1.3997,5,-0.7986,19775.1717
6,74.6143,27,2.1953,5,0.502,28993.8086
3,188.1604,49,8.6,5,0.6091,24683.2795
2,78.4081,12,5.0267,5,-0.2308,19399.9183
1,134.5738,4,4.1853,2,-0.941,11497.4771
1,83.755,56,10.3313,4,-0.5824,9301.6342
6,42.7839,64,17.0393,3,1.8734,8050.5332
1,103.4325,57,23.4585,2,0.3394,-7127.7056
1,28.1019,1,1.6866,4,1.9212,11362.7291
1,111.6203,75,0.2,2,0.3752,3287.6688
2,106.3227,71,34.565,5,1.3604,2971.2319
2,25,53,14.1969,4,-1.1436,4284.2277
1,58.8209,66,4.0956,3,-0.1382,1378.1576
3,165.3139,54,17.4591,5,0.5994,17145.673
6,143.193,8,5.2137,3,1.7767,23425.1352
3,112.4944,16,8.8148,1,0.5887,6671.3989
3,118.737,43,8.1542,5,-0.0978,18722.4829
3,58.387,47,8.658,3,-0.3005,4520.6498
5,101.4414,13,1.0137,3,1.6163,22192.6055
6,92.2467,47,1.6311,5,0.2639,26056.6495
3,101.2345,52,5.307,1,-0.4931,1717.2827
2,131.2766,19,6.7028,3,0.3224,13795.4649
2,49.1588,24,4.6025,3,-0.3616,9523.4069
4,60.6431,27,27.7108,5,0.0485,9177.824
5,100.3239,55,31.8747,3,0.4847,2639.0809
3,56.5942,32,11.1676,5,1.0673,12878.4006
3,87.3012,30,2.9531,4,-0.3253,15227.2751
2,155.3028,57,1.3695,3,-0.1193,11199.5875
2,74.7876,2,13.3079,1,-2.996,1913.0329
4,85.0019,66,6.5143,5,-1.013,14872.2271
2,89.4211,76,4.9157,4,1.1168,10945.4754
4,89.2563,47,17.6028,2,-0.4272,2269.1279
1,85.6903,70,1.0874,1,0.4656,-1251.7518
3,27.5455,15,45,1,-0.559,-12993.5231
2,94.679,45,7.8861,1,0.1794,2085.5221
3,48.6631,16,2.4033,4,1.0534,15787.4422
1,77.2508,16,6.7756,4,-1.1612,14140.5584
6,138.8682,78,0.6085,1,0.7477,14075.1324
3,119.198,47,1.5801,4,0.5698,17492.9499
5,102.9274,4,14.0522,4,-1.1627,22775.4117
1,89.9829,40,2.6796,2,-0.2345,5058.2311
3,111.2393,69,14.6223,2,-0.5791,-26.804
6,55.2441,4,4.7872,5,2.4399,27696.8785
1,136.8472,23,3.9907,3,0.5961,11918.478
4,126.1103,68,20.2959,4,0.0493,12217.9728
2,105.337,0,2.1309,2,-0.659,12230.8058
4,76.8088,65,4.4199,5,-1.0526,16786.9292
3,157.3056,16,3.3766,1,-1.0018,10014.1163
1,71.4683,33,1.7771,4,0.3829,9177.0359
2,128.7829,6,1.9618,1,-1.2807,8294.4783
3,97.2303,36,31.7669,4,0.0743,6824.3928
6,111.1071,66,9.9528,2,-0.813,10669.4605
6,91.1887,54,9.25,4,-0.184,19782.4437
1,123.7988,72,17.0252,3,0.3831,-1854.6623
3,63.671,19,0.5256,5,0.2992,20860.6126
4,61.8146,10,0.5527,5,-0.6362,22490.0125
5,136.4958,26,15.2133,3,-2.1082,15853.5468
2,73.9954,76,14.1874,3,-0.7191,-960.3393
2,114.6061,42,8.857,5,-0.761,14316.5096
1,106.985,25,15.4833,4,-0.6299,11435.2085
3,90.0264,59,10.9966,4,-0.5465,11920.7707
6,172.1533,6,3.5823,1,2.3579,20273.7443
4,87.4729,51,1.4739,3,1.7863,14285.0386
4,78.3797,24,3.5295,3,0.7238,13683.5246
2,135.3322,71,10.6374,3,0.7202,4207.0396
6,54.4289,46,8.9334,3,-1.5295,11731.4993
5,132.3337,34,1.515,4,-0.526,26944.4703
6,78.1231,41,1.1364,5,1.7352,28156.7036
2,81.6774,40,2.6311,5,-0.0187,16342.4945
5,76.5641,13,1.9655,5,0.5248,27306.6747
5,125.2218,71,2.2714,5,0.7077,24675.2313
6,137.3731,29,4.715,5,-0.1218,32326.6306
3,81.317,42,0.2,3,1.0036,10058.4388
1,106.3513,29,2.2837,5,-0.0898,16680.9314
2,82.7757,5,8.5676,4,0.511,16312.2695
5,91.5241,26,4.2224,3,1.8319,16034.2588
3,42.3565,9,10.2229,1,-0.9531,3458.4864
1,130.4181,50,4.6009,1,0.9966,-397.4867
6,70.9572,35,4.8888,1,-1.0856,8907.1971
4,121.7717,61,3.697,3,-0.1226,11365.7586
1,154.542,29,5.0375,3,-1.613,8527.2268
1,117.8196,49,1.8555,3,0.1009,5304.5072
5,95.6638,79,2.9998,4,0.8764,17868.3563
3,153.0371,44,13.5078,5,-1.6359,19650.4943
2,63.0487,52,4.1421,3,-0.7365,3980.6686
4,99.4786,8,3.4206,3,-0.3044,17406.1378
1,84.6729,59,0.3072,2,-0.0803,3857.9245
2,91.5477,46,1.1147,2,-0.8453,5366.1044
3,46.4883,28,0.5217,4,1.6438,13631.3062
2,128.0088,46,32.2692,1,-0.5604,-8103.4745
6,75.8249,61,5.8295,4,-1.1859,18270.0131
2,105.6819,45,8.1336,2,0.0482,4488.4153
2,118.1231,33,5.507,5,0.2567,20889.921
2,40.5848,23,7.9394,4,1.1609,10411.7124
5,83.41,25,1.3183,1,-0.0609,12458.2797
5,71.4829,43,13.2758,4,0.0736,16725.7094
4,92.7174,67,4.709,1,0.1446,2538.9493
6,91.1001,39,4.7824,5,0.6581,22532.1297
1,73.5441,26,5.6,2,0.1291,3913.0857
3,96.2619,59,5.0484,4,0.5062,17388.3641
5,113.2372,23,1.9862,1,-1.3551,9372.6864
6,112.8387,2,4.6438,1,1.4584,13755.5125
6,25,60,6.5694,5,-0.7844,19321.15
3,105.607,17,5.5812,5,0.7146,22076.5346
2,67.2275,14,15.2992,3,1.056,6695.182
6,96.6672,76,4.0238,5,-0.5751,23929.4709
3,121.8629,72,9.2896,5,-0.6158,14721.2408
5,87.102,71,0.9476,4,1.1944,15635.7339
6,114.9812,1,4.5064,1,1.3963,17255.2245
4,60.6265,28,32.1462,4,0.8839,7386.346
6,106.1708,25,2.3875,1,0.0414,14970.8623
2,110.0844,43,1.2912,3,-0.6103,8399.697
3,125.1726,31,7.7389,2,1.0983,7368.6038
3,44.044,54,3.9197,4,0.7659,8494.0874
5,28.3961,65,44.5328,4,0.5444,-2751.1021
4,80.6991,72,3.0866,3,1.0756,8299.4883
6,93.6868,76,19.5198,4,0.0564,12661.5081
5,99.8598,74,12.2532,3,-0.4311,8246.9849
6,149.4488,34,10.5377,5,-0.3604,29842.6487
2,113.6241,53,20.7,5,1.7258,11794.6702
2,124.0539,18,3.5678,4,-0.2026,23734.678
1,87.2731,6,1.9565,2,1.3146,8344.5708
6,46.834,73,7.5163,1,0.4911,5658.3468
5,56.5687,73,3.1761,1,0.3573,4438.6673
3,95.3005,63,34.0832,1,0.5982,-9387.8751
1,41.7146,79,0.7776,3,-0.5939,101.153
4,124.0618,56,14.8029,2,0.1609,523.673
3,72.6286,35,7.5624,2,-0.2194,4036.7674
4,101.8942,41,14.9717,2,-1.0996,4791.6586
1,106.2126,22,1.215,3,0.4363,11403.1499
5,149.1617,21,7.542,4,-1.7753,24821.5521
4,84.6428,20,4.0586,3,0.5176,14128.9307
2,110.0061,44,10.0612,4,0.4492,13061.5503
5,90.2304,36,2.2003,2,0.2671,13161.7446
1,100.9029,60,5.0744,1,1.14,282.3997
4,50.4339,39,5.8666,2,0.3004,6109.0674
2,78,67,13.9168,2,0.4808,-3386.9
1,84.2054,20,4.1298,5,0.2305,17701.7282
6,118.9789,53,37.1714,3,1.8172,3583.7567
5,53.7076,8,24.341,1,-0.271,3632.9502
5,63.4581,54,0.2,2,-0.1457,11306.7973
3,132.7657,1,7.495,4,-0.5241,22103.7109
5,129.8497,22,17.0618,5,0.6531,23984.5667
1,99.0409,28,2.4549,2,-0.5048,6969.4749
4,92.0292,70,1.6564,5,0.159,19720.9687
5,87.725,39,2.0158,4,1.4508,18282.8401
6,25,71,9.7288,5,0.6182,10837.5022
2,94.4797,42,13.9379,1,0.8079,718.2287
2,104.7728,27,2.5474,1,-0.2522,5467.8197
5,80.0426,10,22.2183,5,-1.5327,18628.8668
4,97.4194,64,4.1656,4,0.3278,17949.569
5,36.1629,48,10.3696,1,-3.4165,1910.9189
4,94.7629,32,8.4106,5,1.0269,22511.5902
1,133.8928,8,2.7344,5,-1.0317,22094.212
5,117.2826,30,1.0536,3,-1.8294,16975.4538
2,60.4085,54,2.1643,2,0.3891,1611.0668
2,85.1138,71,3.0713,1,0.4693,-1146.2656
6,132.625,53,15.4132,1,-0.3364,6173.6179
5,87.8574,16,6.1376,5,0.5561,24692.2895
4,47.9263,67,9.1633,2,1.5655,-115.8295
5,62.5206,12,2.4403,4,0.2587,19260.7103
5,122.5363,34,29.9935,4,0.2081,15196.9969
2,93.2561,50,17.2754,1,-0.1212,-3039.7208
1,126.7446,36,0.5845,3,0.3681,8595.165
6,25,26,3.7655,4,0.5403,20353.3877
6,124.9373,46,15.598,3,-0.0456,12149.5631
1,131.3964,74,25.2994,5,-2.9495,5225.1918
2,56.9758,28,4.1223,1,0.0157,2214.8203
2,113.6504,63,1.1526,1,0.5216,1123.7477
5,25,44,2.2367,1,0.5942,6536.9128
3,120.5298,66,1.144,3,-0.7069,8175.3439
1,91.1611,64,15.2118,3,-2.2925,-1499.7265
4,61.5721,32,3.0667,2,0.0518,11003.8178
1,88.1084,55,8.8332,1,-0.8506,-3428.4135
4,120.7813,71,26.4329,5,0.2538,10361.233
5,102.5472,45,2.2394,4,0.2884,21690.5549
4,89.8856,6,14.1587,3,-0.4915,11538.4625
2,113.5417,73,16.2861,2,0.7433,-3208.539
6,43.0958,60,6.6417,1,1.3144,8131.4235
4,77.7276,24,15.6334,2,0.2631,4889.4118
1,83.7742,39,5.6058,2,-0.9922,2736.8991
3,89.2985,44,0.2,5,0.047,18188.9285
5,86.7035,42,17.5553,3,-1.1087,9328.3889
1,140.0965,18,1.1478,5,-0.8027,24120.4484
6,100.9655,77,3.5534,5,-0.5111,22095.7474
2,129.2194,68,5.859,4,0.2865,14278.7615
4,106.9283,21,8.2063,3,-0.3655,14139.1662
1,77.8781,48,26.7877,1,0.7177,-8878.0672
4,71.1339,63,5.2284,1,0.7822,4576.7122
4,44.1136,66,0.2,3,-0.7442,6299.0405
6,87.2676,22,5.7636,2,-0.5934,16827.1664
6,83.5637,33,18.9888,4,0.8581,17919.4779
4,76.7841,39,4.4143,3,0.3419,11169.0406
6,123.7315,26,7.4697,3,-0.5229,17065.1441
6,85.4532,74,12.1644,1,0.6523,1904.4736
1,25,74,10.5511,5,0.4435,5963.1358
2,82.8349,13,3.0158,3,-0.1293,6603.7843
6,64.461,78,20.3741,3,1.1566,4935.8062
3,49.1762,60,4.0903,4,-1.6928,8881.8709
1,47.5449,26,5.0729,5,0.0535,12585.262
1,133.8125,47,0.7773,4,-0.4221,16584.913
5,77.6548,2,1.0785,4,1.8761,24904.6876
4,112.5185,25,3.9374,2,0.7642,10835.4435
4,58.1968,59,1.6165,3,-0.1134,6035.337
1,39.8055,18,1.1767,2,-1.9122,4482.4123
6,122.4408,31,6.588,5,-0.5533,27691.6563
4,145.7028,15,27.1687,3,0.7152,7425.3041
6,40.4272,40,5.6619,2,0.2036,11271.8642
3,96.4497,33,11.9351,5,-1.0024,15698.2322
5,79.6291,61,39.2515,4,0.4852,3626.9864
6,110.9486,40,1.7151,5,-0.9801,28695.9705
6,57.7089,33,0.2008,5,1.2375,24524.9914
4,58.6487,28,45,5,0.3365,5872.4679
1,72.8032,21,11.9634,5,1.8453,13540.8818
1,103.5209,46,18.5304,5,-0.2483,8608.783
3,76.4163,75,20.9157,5,-0.5086,5090.9388
5,104.0288,27,38.1745,3,0.7673,3231.1836
6,139.5278,59,2.246,3,-1.3264,18143.706
3,155.617,38,8.7978,5,1.2393,22208.3669
1,130.0419,11,5.2421,2,0.6888,6193.0309
5,69.7295,39,15.1602,4,2.323,13284.971
4,99.5993,5,2.1868,3,0.451,19244.3377
3,118.4787,7,13.2024,1,-0.8894,5554.4746
2,157.621,9,10.4218,4,-0.3528,18704.3121
4,117.1959,14,9.2525,1,0.2714,9322.5367
4,83.5437,12,9.6043,2,-0.9023,11026.4377
2,78.9386,77,4.3027,1,-0.7399,-1602.9591
1,151.396,32,0.8161,2,-1.3708,5807.1107
3,148.0716,64,1.9938,5,-0.8245,20511.2699
5,51.2865,26,4.4705,3,-0.7412,15277.1449
4,101.6219,45,0.7955,1,1.1228,9309.5741
5,67.5832,37,25.5646,3,-0.6628,4533.4869
5,107.41,32,4.6027,5,-1.3019,24674.0707
3,65.6667,34,5.6415,1,-0.2231,4555.9277
4,67.0224,68,1.2889,1,0.0064,2973.3294
3,62.6681,51,33.9113,2,-0.721,-9611.0028
4,90.8302,42,8.8895,1,1.3406,4373.6347
6,76.6802,53,6.2277,2,-1.6812,10355.4293
2,55.1289,45,22.3122,5,-0.8884,4196.0878
6,97.5607,31,11.8584,5,-1.1013,22827.0838
5,96.695,72,17.9209,3,1.0803,7945.5226
1,166.1639,17,4.8378,2,0.0115,9822.7639
1,64.5595,50,2.7612,2,-0.0556,839.1136
6,125.0564,7,1.5234,2,0.6609,19813.5991
3,105.736,51,0.7782,2,-0.4684,9229.3691
4,135.6647,56,12.3701,3,-1.6041,10138.2145
2,130.4338,31,7.5815,3,-0.4486,10669.7033
5,150.0262,16,1.9393,5,-0.14,33784.4677
5,80.1351,8,3.5814,5,1.0565,25525.2847
5,60.5434,73,4.3796,4,-1.9131,15132.3311
4,111.5785,24,6.3356,2,1.2887,14333.3496
6,38.2764,59,2.1252,2,2.0104,8838.8936
5,86.1865,7,11.1751,5,0.1439,23006.176
4,129.0441,68,8.4516,2,-1.9885,3699.4825
4,108.5047,18,0.4303,2,-0.5376,13895.4749
4,34.9,51,39.5126,2,0.0975,-5658.5368
1,111.1347,51,1.8697,5,-1.8577,14005.2307
6,149.6839,6,0.541,1,0.3413,16168.2387
4,83.0705,58,5.6944,2,-1.9506,6746.9065
6,41.2098,28,25.129,4,-0.6915,11148.2325
4,149.0344,67,17.211,1,-2.9445,658.7155
5,85.6103,34,0.2,5,1.2126,24735.5449
5,151.8493,13,1.3896,3,0.8348,19533.7079
1,46.1665,67,4.0556,4,-0.8744,4969.2075
3,124.0037,56,10.7869,2,0.2891,5546.4775
5,99.4473,7,4.2295,1,1.421,13735.6146
6,121.4768,30,1.904,3,-2.4181,21540.8927
2,79.8536,8,1.4127,5,1.0459,19828.672
5,49.5692,60,9.8768,1,-0.2442,1912.2938
4,90.369,27,0.4181,4,-0.483,21793.8945
4,113.7562,16,2.6337,1,0.2108,10366.8944
3,51.1615,6,5.9499,2,-0.6544,7286.0201
5,86.3989,21,3.8169,4,1.1736,23028.8548
3,52.4373,6,11.1605,2,-1.7851,8671.4242
1,164.9968,23,14.0057,3,0.0857,6416.6328
1,115.6066,7,11.1356,5,1.5568,22234.2451
5,101.3855,5,0.6959,1,-1.0665,14351.3874
6,124.548,76,10.6453,4,2.8058,17866.1606
6,70.8831,41,2.6259,2,1.5468,14365.5068
2,117.9658,12,4.0426,2,-0.2577,8558.5326
1,74.8951,78,9.2946,5,1.2432,6593.7206
2,113.5971,66,5.4336,2,-0.6898,2505.2796
5,85.4422,53,13.152,5,-0.6202,19989.534
1,47.9495,23,11.9001,2,-1.3116,2005.9044
1,110.238,22,18.0611,1,0.8099,-2793.3048
6,130.2123,24,5.4651,2,2.2504,18627.1337
3,49.5473,54,4.9543,2,0.7251,5831.2399
4,88.8423,52,14.9278,3,-2.2811,8371.8957
1,74.7275,73,0.5519,1,-1.3087,1073.0868
1,84.6881,0,12.5125,2,-0.3147,5482.5804
1,25,68,1.3384,4,-1.1693,4994.234
3,104.3187,47,4.7845,2,-0.9781,5219.4261
4,79.1019,18,22.2792,1,-1.4591,3253.2387
2,99.4208,55,2.2744,3,0.33,6134.5417
2,66.0158,62,8.8111,2,-0.7829,467.8316
4,90.7246,17,26.5123,1,0.1289,-1186.6908
3,79.9844,56,10.8072,3,-0.4509,3728.7683
6,144.6727,71,4.1169,1,0.7714,9317.4245
2,68.9381,8,24.0872,2,0.6338,-1036.7196
5,148.6167,72,1.5858,1,0.0314,9062.162
3,41.3438,57,10.0268,1,1.241,-2273.9201
1,50.232,2,24.4897,2,-0.9564,-28.1226
5,124.768,65,5.2332,2,-1.7051,12561.4081
3,62.8979,64,6.9269,3,-1.0263,5724.6145
5,52.4098,66,25.8529,1,1.2163,-2729.1041
4,39.2518,14,0.2,1,-1.6551,10663.2497
3,126.2693,4,0.3522,4,0.4884,22904.4575
2,121.1436,42,11.5132,4,0.4718,14821.0377
2,126.1036,40,1.0365,3,1.0597,11693.3579
1,67.6081,67,0.6762,3,0.4691,2116.826
3,106.6335,29,5.5376,2,2.0551,9271.0253
5,130.8793,26,3.8971,3,-0.5333,20385.8213
3,65.1799,55,1.7742,4,-0.3861,14720.8014
6,61.5597,12,3.819,2,0.0873,17555.3642
6,117.4566,25,0.8427,2,-0.1773,18375.4102
1,78.9429,56,7.1203,4,-0.4049,9660.0241
1,45.9481,22,0.8481,2,-0.0912,4522.6244
3,80.9851,23,28.3243,4,0.2841,4941.5391
3,66.2445,49,1.9947,1,0.464,1187.4919
3,88.0328,62,6.4573,3,-0.6854,4252.4278
6,115.5832,58,7.8126,2,-1.5895,11486.1448
1,147.5507,21,0.6037,3,-1.2186,11964.5774
1,59.8368,53,4.8278,5,0.2387,12504.7465
4,129.3922,53,21.991,4,0.6285,14223.3159
3,142.5148,77,3.1154,1,-0.8844,2570.7071
6,96.0597,59,3.4378,4,-0.3307,21349.2805
6,100.4566,28,10.4851,2,-0.0679,13582.4252
5,102.348,76,30.0241,1,-0.8304,-5649.9319
1,80.9354,14,7.9443,1,-0.999,1029.6655
1,121.8872,9,0.668,2,-0.3322,8427.6516
6,105.0483,2,5.2366,4,0.1186,27424.8064
6,88.865,72,3.9103,3,1.7519,12323.2508
4,54.8137,62,6.4361,3,0.3726,6219.6858
2,102.3333,14,6.1775,2,-1.3369,10678.4613
3,165.9811,71,4.7788,2,0.7835,6870.455
1,112.122,51,0.5834,2,-0.9894,5358.4799
2,119.2324,16,20.9425,4,0.055,11777.9611
3,104.0039,42,3.3323,2,-0.1123,9194.6792
1,145.7457,51,29.2545,2,-1.4991,-5434.3819
3,57.2177,57,17.2178,3,0.1365,1583.9073
5,69.9842,76,2.8128,1,0.7152,3259.3363
3,100.1203,21,20.4358,3,-0.1883,6933.4242
3,88.4948,78,4.4293,5,-0.3381,14203.5425
6,99.9263,23,1.5581,3,-0.2311,22158.2825
3,117.8052,51,10.8643,5,-1.0191,14940.65
1,79.2751,30,7.3369,3,1.5414,5894.5382
4,113.6641,50,10.733,5,1.2637,18819.4123
2,134.2978,16,3.0314,4,0.9443,19847.8594
6,115.72,60,6.8681,5,1.6684,25305.4559
6,25,13,2.261,1,0.776,12462.4511
6,155.5129,70,5.1614,2,2.0817,11507.8335
1,78.9692,3,1.754,5,1.3485,20660.1158
2,37.6184,40,3.3148,1,0.8032,-18.6128
2,112.0331,63,3.9087,4,-0.7338,13449.3713
6,87.1854,52,2.1779,2,0.5447,14559.763
3,70.9148,63,7.8171,2,1.4892,1171.8444
6,78.9031,0,6.2396,1,-0.78,16145.5855
1,85.8863,20,24.4524,3,-0.0182,1494.4279
6,92.8796,17,4.4531,1,-2.1513,13590.9142
1,33.915,2,7.0915,2,0.2442,2733.6328
1,61.2283,79,2.6487,1,-0.7226,-4499.5629
3,107.2385,18,5.2804,1,1.121,7716.198
3,72.7008,75,2.6042,3,-0.893,4867.9798
4,31.9453,48,6.4383,2,0.1944,6010.2038
4,25,53,18.8487,5,-0.2713,6909.3728
1,65.0048,1,2.3619,2,-0.8778,9449.9245
6,126.1665,66,17.0026,5,-0.4556,20033.5337
4,94.3652,12,19.5016,5,2.1304,19230.6553
2,129.3085,48,1.8197,5,-0.9901,21056.1181
6,68.0809,1,30.6978,1,-1.3047,4868.3134
6,25,33,5.9163,5,-0.7487,19777.2215
1,79.235,57,4.9975,4,0.5982,9786.7631
6,88.9908,23,0.3316,1,1.0982,14840.8451
1,51.8923,0,4.2484,3,-0.265,9124.2189
6,103.5081,11,2.9593,5,-1.9122,30891.9081
2,121.2714,32,8.2306,1,-1.254,3178.9377
4,79.7068,54,1.9478,1,1.7089,5808.4908
6,88.7524,64,11.6344,4,-0.3911,16529.7018
6,54.1146,76,2.3328,3,0.9276,12130.8653
1,48.8589,36,12.747,4,0.8822,6799.2406
5,90.7223,79,0.2,5,0.1232,19103.5369
3,108.6186,54,7.7107,4,0.2897,16352.502
1,108.9703,20,0.8517,1,1.5282,5884.5875
5,25,4,2.8825,1,-3.5728,9749.587
5,182.6844,70,20.6696,1,0.9005,1824.9931
3,136.9834,75,3.1285,4,1.0264,14105.4288
5,72.3382,27,6.1257,2,-2.0162,11680.1345
2,123.1524,27,12.3924,3,0.1422,3818.6153
2,94.1234,35,0.2,2,-0.5783,10065.4178
5,115.0679,15,10.8781,5,1.1256,26880.1527
2,59.8097,44,26.4256,5,0.1527,5854.7523
1,48.6114,27,17.7226,2,1.4154,-2640.8387
1,94.2786,62,3.2955,3,-1.6373,5492.7252
1,137.9309,73,2.7346,1,-0.7733,-606.0816
1,132.4586,65,1.5991,2,0.0186,5122.3805
6,96.89,9,6.2659,5,1.0821,25935.8451
2,106.9422,79,3.8173,3,0.5685,4566.6161
5,54.0662,74,8.2764,5,0.7774,13193.5576
3,62.7332,51,9.9033,2,0.9371,1195.493
2,25,28,0.4612,1,-0.7563,3948.0388
6,50.8975,26,0.3438,1,0.8959,13427.6228
2,84.6883,19,10.1354,4,-0.1769,13288.4921
2,73.2972,21,3.1166,2,-1.2971,5820.7607
5,85.0789,72,9.4377,1,1.3891,2053.7775
1,59.8078,24,7.1245,1,0.2878,2.335
2,92.8265,51,15.9146,3,-1.1085,1119.9249
2,123.2999,68,15.8701,5,2.4135,12198.993
1,46.14,51,8.4032,1,-0.5257,-2227.2846
6,82.4424,4,3.037,5,-0.8784,30202.4466
4,79.4696,20,5.0181,5,0.4126,23087.2414
5,82.5512,50,19.6755,5,1.5212,14192.8378
1,69.5912,48,1.1628,4,2.4996,11585.1728
1,50.4381,57,4.3902,2,0.9616,-662.253
4,109.5437,11,0.661,1,1.4758,13404.0883
3,85.3878,10,2.2296,1,0.9912,9540.9279
2,28.1909,79,10.1678,1,-2.0191,-4859.2456
4,80.2213,28,15.2542,1,0.3125,2943.0423
5,91.3844,58,3.9376,5,1.0104,18717.5874
1,131.2839,12,8.1282,5,-0.4233,19480.6354
1,85.6177,51,4.039,5,0.6088,15488.2399
5,141.3476,50,6.9741,2,-0.5808,12427.3946
2,73.4495,14,10.6171,1,0.3644,3157.0426
4,97.5166,70,16.6157,2,2.043,3802.3165
2,116.4196,78,3.0495,1,-0.3599,1724.6784
2,116.3229,67,2.6236,1,0.1791,-1386.1273
6,139.0665,5,9.4038,1,1.4005,17990.3615
2,37.9735,42,2.4315,3,1.6926,6768.4281
5,135.5939,10,2.2878,4,1.2007,28587.3032
2,103.7457,42,3.6415,2,0.4209,9832.557
2,70.3287,73,6.8864,2,0.2831,641.0961
5,115.0641,39,8.1889,3,2.2917,14160.4406
2,51.1837,71,3.4696,4,-1.2561,5323.0149
2,119.3279,56,20.4596,2,-0.2993,-1645.7855
1,37.6149,9,2.3421,5,0.6538,14147.9107
2,63.1671,67,23.1527,1,0.1762,-7463.3305
1,64.1218,54,1.6423,3,-0.3144,2377.7275
2,97.4579,33,14.851,4,-0.4589,9108.7263
6,110.2022,35,11.8561,4,1.5773,23394.652
2,126.3206,25,20.0943,5,0.3643,13796.9135
3,95.7527,47,1.0357,1,0.106,5459.708
3,139.0257,21,25.9728,3,0.9812,2759.7232
1,173.8203,60,8.487,4,0.5763,15393.149
6,60.3087,2,12.9101,4,0.2462,21602.7577
3,101.2896,2,8.9089,1,-1.7565,9150.0894
2,134.503,7,13.1519,2,-0.6212,8488.67
5,113.8121,0,5.6949,4,-0.5694,27100.1977
3,87.9254,76,2.2802,2,-0.7076,3827.5685
2,109.6493,36,14.3977,5,-1.1155,15911.8866
1,30.4904,44,1.0395,5,-1.0156,10250.5934
3,93.3636,5,17.7859,4,-0.3145,15646.882
4,112.8865,71,6.7551,1,-0.2875,3248.6347
6,104.6869,0,7.4956,3,0.0183,21052.5445
2,67.8404,32,4.8903,1,-0.7871,4335.9067
2,41.0979,23,0.3255,5,-0.1333,15145.4274
3,107.4134,66,0.2924,5,1.3959,19355.4928
2,96.857,5,3.0933,3,0.0794,10858.7253
5,71.3644,23,9.2187,4,-0.8862,18691.1892
6,68.1237,37,4.2132,5,-0.2349,24411.9345
5,170.6622,7,20.6609,3,-0.9737,14058.5225
4,168.7115,45,3.6037,2,1.8918,13506.675
5,72.1803,65,4.198,4,-1.3404,15684.8431
4,73.5309,27,3.9978,2,2.0862,10278.5895
6,79.1694,52,1.2511,3,-0.4812,14109.2332
1,81.971,54,8.4126,5,-2.1391,10455.6491
5,99.2028,16,0.4306,5,1.2103,30484.8907
6,90.4165,57,6.0689,2,0.0326,10205.6292
6,113.4327,34,1.9157,4,-0.0736,23997.1163
4,54.5136,21,13.853,5,-0.2839,18296.2564
5,106.0725,5,4.588,2,-0.1961,17126.2312
5,147.33,66,0.6336,1,-0.1772,11234.5878
5,150.4745,8,4.0506,5,1.1905,30530.0256
6,106.9637,30,3.61,2,-0.7066,15117.0971
6,126.8887,13,5.7663,2,1.2014,17243.503
2,121.481,41,11.1953,1,-0.169,1497.1114
4,83.7897,39,2.4617,4,-0.6551,17827.2149
1,106.3309,20,9.8784,1,-0.5404,2790.0266
6,141.3481,65,8.3709,1,0.2798,10102.9207
4,62.0879,30,4.0292,2,-0.2561,9692.5603
3,96.9531,38,10.3747,3,1.1603,8228.992
6,81.3659,8,17.7923,1,-0.889,11075.1005
4,115.5394,76,4.2763,3,0.2117,7447.0874
1,115.8984,46,1.8938,3,0.2997,6993.8391
2,89.1484,64,4.0327,1,-2.515,-1569.6968
3,155.0624,32,6.0048,1,-1.7246,6123.483
2,83.004,68,13.0409,2,0.2161,-2684.5952
1,81.0558,74,13.2553,2,-1.1808,-3535.0975
1,145.0976,64,2.3049,3,1.0604,7047.0932
1,86.2756,78,11.9872,1,0.1047,-5326.9278
6,102.3353,20,14.4308,4,-0.6668,23939.9467
4,95.516,72,1.4132,5,-1.0333,19842.7012
3,109.0492,72,4.0902,4,-0.5184,14667.2825
4,28.631,14,2.1119,2,0.1949,11663.2566
2,139.7342,13,2.0922,5,0.0362,22059.2963
4,125.7919,65,9.1083,1,1.2239,5091.1068
1,94.8998,26,2.2374,3,-0.4798,7620.328
1,100.7481,31,6.7875,2,0.0142,4565.5955
3,107.7777,37,0.6802,1,0.2675,5118.8195
3,121.8317,57,8.159,4,0.5418,15771.7001
4,149.1101,34,9.1587,2,1.3114,12679.2993
6,95.9526,4,31.0467,2,1.1794,7431.4586
2,75.1131,18,8.89,4,1.0987,14788.4766
4,73.2,37,1.9683,2,0.8879,10364.8127
6,92.4183,46,1.7882,2,-0.3926,12760.1221
3,87.3364,39,15.9432,3,-0.6932,7231.6488
5,87.5523,57,5.8154,2,0.3262,8513.8872
1,108.6165,23,5.8544,3,-1.8915,8124.9811
5,109.7104,61,0.2,5,0.474,23482.3006
3,86.0605,23,5.7756,3,0.4742,11023.6125
1,112.7992,46,9.7314,1,0.162,1466.8235
6,55.0168,14,0.2,2,0.2147,17892.2501
4,116.1131,25,1.5781,4,-2.104,22515.2705
3,131.668,65,9.9767,5,-0.5411,17024.6279
4,136.1552,58,4.0479,1,-0.1086,6414.7363
2,126.6646,2,3.8428,5,0.6214,23906.4041
6,64.6409,13,25.7969,3,0.9975,9301.1135
2,109.146,65,13.9831,4,-1.0852,10253.1555
6,131.9496,19,1.0179,3,0.6645,21793.0089
5,83.7175,21,1.3753,4,-0.3906,21856.911
3,95.2301,54,14.5167,4,-1.2197,9907.9881
4,123.4802,49,0.715,3,0.3927,12065.1319
2,98.057,0,2.9691,4,-0.5336,17323.5994
1,101.6224,21,16.5834,3,0.7572,2121.6935
2,108.3072,70,1.3203,3,-0.4261,7417.0766
5,158.8012,5,7.9947,5,-2.8122,32532.9637
2,31.0782,33,9.4747,2,-0.3414,-489.2483
5,58.1918,38,14.1991,5,1.1076,16996.3731
3,26.2388,79,2.9202,1,0.1114,-832.4659
4,89.734,35,6.1628,3,0.4619,9702.4973
2,120.9659,9,3.8317,2,0.6914,9530.9619
6,50.8216,4,2.1821,3,-0.4328,19809.5903
1,90.166,59,30.0762,2,-1.0755,-8496.4332
6,113.6431,39,3.1356,5,0.5451,27629.9656
5,83.1966,8,11.0307,5,-0.7725,21540.0055
5,103.3631,1,10.6117,2,-0.0204,16069.9154
5,125.2692,63,10.6349,2,0.7742,9477.2596
2,61.0958,10,4.3464,5,0.9476,18011.0586
2,25,0,3.1578,2,-0.9028,8180.6174
2,111.6768,2,0.9006,5,1.6314,23196.5224
3,126.4556,57,5.7288,1,-1.7325,1249.7452
3,97.842,59,0.2,3,0.3161,10338.7046
3,108.1181,2,13.2847,2,-0.3302,7248.5763
2,34.8295,24,0.2,3,1.3637,7503.4582
4,25,17,0.8872,3,-2.0893,13480.4502
4,131.7107,69,7.7682,5,-0.8316,18515.6196
4,114.7808,30,11.0195,4,0.7787,21166.8696
6,117.9142,25,5.6702,2,0.466,17242.0226
1,58.6324,6,8.6595,2,0.8319,3348.8959
6,25.6306,26,1.9617,2,-0.4974,13779.6911
2,103.8408,67,8.2717,5,-0.6491,15561.6083
6,125.6422,62,5.2701,4,0.0675,22283.7455
6,25,72,3.9065,1,-0.201,6151.9841
3,38.2766,65,6.2115,2,-0.6245,205.4733
3,25,35,0.8638,3,0.6446,8540.6617
4,122.4497,55,1.8639,2,-0.9388,12186.7573
4,102.3181,63,7.536,1,-0.776,1258.8785
2,76.9438,73,2.2015,3,-0.0269,5921.0648
4,69.5432,48,0.5532,1,1.3883,5524.8468
1,44.0755,79,11.9589,5,-1.4241,1216.2328
2,75.8055,23,4.7507,3,0.0093,9901.7778
2,139.1959,77,5.1025,1,-1.0517,1582.4073
6,79.2977,31,1.6974,4,0.4241,24543.472
3,75.1409,67,16.3754,1,0.312,-1194.688
5,83.3354,44,0.486,4,0.075,20214.2517
2,70.3583,58,5.5985,2,-0.1763,2545.5771
1,101.2875,41,0.8226,1,-3.6094,3340.4209
3,25,19,3.0043,1,1.005,5902.8107
2,89.6222,47,0.6914,4,0.698,14626.5938
2,102.5849,46,2.5987,4,-0.1893,17462.7802
6,129.1624,34,9.7872,5,0.6055,27699.6651
4,91.1281,46,3.6467,3,-0.4169,11895.8757
4,110.2834,62,14.3236,3,-0.276,4438.7951
6,35.306,38,1.7915,5,0.2633,22282.4481
5,25,30,5.0749,3,-1.7265,8236.6995
5,97.2549,21,1.5158,1,1.3582,12760.8675
5,126.6717,9,12.1585,5,0.1769,23901.991
6,59.1947,41,0.2,1,0.5948,10796.9975
3,82.2331,77,6.1867,5,-0.1324,14474.6133
6,86.5466,48,10.0313,1,0.881,8759.3608
1,107.8257,11,1.7548,1,-0.6625,5664.245
3,39.5155,69,9.1041,1,0.1216,-3100.4005
5,139.3957,29,9.4189,3,0.7655,19751.1828
5,98.143,37,8.4947,5,-0.5675,25251.8547
3,89.2482,53,1.7755,1,0.9098,2808.8207
1,48.0983,78,11.9333,4,-2.6766,257.4093
6,87.069,41,12.7201,1,1.557,8425.7742
3,129.8875,9,1.1906,5,-1.8813,28883.3693
3,100.9026,52,1.5193,5,1.7328,18054.4732
2,25,58,3.9575,1,-0.1025,-1971.0859
1,42.7367,43,4.3033,1,0.2902,-4275.6577
1,42.2973,1,1.1658,2,-0.2805,8174.7875
2,120.1225,55,9.8798,3,0.3705,2988.6338
4,136.6967,34,6.2057,4,-0.8074,20800.9458
1,59.9954,30,1.9674,4,-0.7862,10556.8304
3,51.3885,39,1.4153,3,-0.879,9641.9724
6,86.6269,32,0.5743,1,0.8819,14350.0639
1,58.611,67,11.9718,1,-1.6914,-8007.7574
2,106.2809,23,14.0254,2,0.9912,3978.0551
1,90.8118,79,8.5963,3,1.7912,-12.1247
6,71.0553,1,6.1868,2,0.4547,19107.5923
6,129.0444,56,0.4631,3,1.9021,17723.085
6,75.032,1,30.3966,1,1.4171,4305.0165
6,69.7518,67,5.2935,2,-1.272,7471.6269
2,89.5033,6,0.2112,4,-0.6582,19476.2914
6,126.2616,49,2.0869,2,-0.1898,13731.3473
2,74.9424,30,4.9835,3,1.2148,8273.6331
1,113.6602,63,2.8564,5,-1.1225,13661.9598
5,107.9697,52,15.9345,4,-1.0087,13535.2557
5,97.1923,71,1.1753,1,0.4148,7659.1219
6,148.5365,66,12.5355,5,1.4225,23830.423
6,116.8711,34,1.6628,5,-1.8313,30817.748
5,28.2126,17,7.8849,5,-0.2132,19221.8435
2,115.8389,4,4.1655,3,0.1185,14959.2876
6,62.817,66,1.7104,1,-0.1659,9472.4929
4,101.9605,27,6.0135,5,0.5227,24435.2562
4,25,39,7.0651,2,0.1281,3525.7943
5,103.0482,47,2.6788,5,-0.2303,24583.2831
1,53.6543,73,2.9214,1,-0.1215,-4821.9963
3,69.2152,25,5.6673,5,1.2056,17509.5417
4,73.9986,47,7.0871,4,-2.2245,14919.4726
1,119.373,7,3.5402,3,-0.7827,12078.8949
2,105.4154,21,1.1254,5,-0.5794,22278.1357
6,67.0825,54,2.9877,3,0.9676,15937.9568
2,97.0899,55,0.2,2,-0.4528,6135.4827
1,202.7838,47,0.2,1,0.7734,7977.6468
4,113.0521,65,5.0022,2,-0.9846,4330.3705
2,69.4144,64,9.8831,4,-1.1102,7102.2676
4,91.5688,38,13.4393,3,1.163,9906.1889
5,71.4561,48,11.463,3,0.0945,8429.4516
3,108.8219,56,3.2293,5,-1.1988,19209.8397
3,141.9752,4,8.0396,1,-0.923,11117.0741
6,71.6062,56,0.2,2,0.4251,13782.0823
2,98.6197,69,5.4511,2,-0.2023,5697.6472
6,54.1197,54,13.4366,1,0.236,4416.8387
2,124.3737,36,5.3712,4,-0.1772,13920.192
4,94.4904,59,10.2256,5,1.7051,14979.2345
4,60.0888,46,3.5287,2,-1.0579,7270.1334
6,105.1394,4,0.5373,1,-0.4566,18672.1354
6,123.2076,44,12.8588,4,-0.8316,20717.1381
3,108.1028,6,9.3799,5,1.6137,22569.9349
5,91.8135,64,4.5036,3,0.8277,12890.6826
2,99.0024,18,14.8228,5,0.1349,14561.7551
6,93.519,79,5.818,5,-0.1668,18784.0976
3,101.568,10,30.6269,5,1.8047,13301.2633
3,104.2062,44,13.8617,2,0.2338,5862.8881
1,132.4515,22,0.3724,1,-0.2874,8603.4738
6,86.752,51,7.7416,5,-0.9165,22652.2879
5,109.7971,55,2.6266,3,-3.0742,14790.219
2,59.3376,8,0.2697,5,0.8733,18885.9284
2,91.6762,74,5.1381,4,-0.2096,11251.7401
3,55.2761,72,7.4535,2,-1.5561,-186.4884
3,34.0358,4,14.9485,1,0.3421,2547.4374
1,89.8451,61,2.8816,5,-1.7186,10380.4775
6,59.0254,52,12.7529,2,-0.0594,8987.6283
3,25,10,0.2219,1,-0.6506,5480.355
6,122.1449,71,7.2959,4,0.2089,22660.4919
6,103.5475,68,3.8827,2,-0.7627,11249.3008
4,33.4181,50,0.5696,4,0.63,13424.751
4,71.4281,8,14.6507,1,-0.7047,7108.4532
4,106.6835,25,0.5316,5,0.3508,25399.9952
6,144.3605,40,3.9716,4,-1.7114,29560.8162
6,46.3065,49,24.9982,3,1.0507,5675.524
5,169.0922,79,15.3083,2,0.1853,6061.1369
1,97.2431,60,12.7319,4,0.2944,7233.866
2,47.4896,58,20.2251,5,1.7032,5112.1023
6,104.2669,21,5.2832,2,0.0992,14967.6298
4,72.457,59,1.6655,4,-0.6297,16680.0739
1,151.7295,53,0.4323,1,-0.0008,6381.7286
2,82.063,77,2.0034,4,-0.6164,9748.3224
1,86.8269,28,8.8684,5,0.7746,14212.6236
6,41.5768,23,3.7659,1,1.5909,11991.4853
5,59.6858,41,3.2219,2,0.9022,10275.98
6,131.7635,29,14.8351,1,-0.2082,12593.5698
4,188.3827,50,0.8874,5,-0.8205,26802.1077
5,121.4335,34,9.0393,5,1.0819,23426.2025
6,60.7794,55,0.2,5,-0.0318,21308.2719
3,65.4092,51,7.9685,4,-0.4539,12378.8307
4,119.7261,38,2.6079,1,0.3313,7448.7839
3,108.4976,5,2.4523,2,-1.0121,13630.8032
